

A initial en hiatus + pas de palatalisation
chascun	62	cascun	1	cascuns	1	Chascuns	1	Cascun	1	chascune	4	chascuns	13	chascun	41	

§32 -- E PROTONIQUE + YOD > PIC. oi, i
Alemaigne	1	Alemmaigne	1	
Amboise	1	Embaise	1	
Aquitaine	3	Aqitaine	1	Aquitaine	2	
Cesaire	2	Cesaires	2	
Cholomaide	1	Cholomaide	1	
Eustaice	3	Eustaces	3	
Gascoigne	4	Gascogne	1	Gascoigne	3	
Hilaire	1	Ylaire	1	
Honoire	3	Honores	1	Honoires	2	
Lucain	1	Lucans	1	
Macaire	1	Machaires	1	
Madelaine	1	Magdalene	1	
Maine	1	Meine	1	
Marseille	1	Marselle	1	
Pompeien	2	Pompeiens	2	
Toraine	2	Toraine	1	Toreine	1	
Ylaire	5	Ylaires	1	Ylaire	4	
aaisier	1	aaisierent	1	
abaiier	1	abaier	1	
abaissier	7	abesse	1	abessa	1	abessier	1	abessoit	1	abessie	3	
abeie	67	abbeïe	1	abbeïes	1	abeïes	3	abeïe	62	
acoillir	4	acoilli	1	acuelli	1	acuellie	2	
acroistre	4	acroistra	1	acrut	3	
afaire1	6	aferes	1	afaires	2	afaire	3	
afaire2	16	afaires	3	aferes	3	afere	5	afaire	5	
agait	2	aguaiz	1	aguet	1	
agaitier	4	agaitoit	1	aguaitoit	1	aguetier	2	
agenoillier	8	agenoilliez	1	ajenolla	1	ajenoilliez	1	agenoilla	2	ajenoilla	3	
aideor	3	aidieres	1	aidierres	2	
aidier	35	adjutoz	1	aidie	1	aidoient	1	aidierent	1	eidier	1	aidié	2	aidoit	3	aidast	5	aïde	6	aidier	14	
aigue	55	eves	1	eaue	5	eve	49	
aillors	3	Ailleurs	1	ailleurs	2	
aine	1	eine	1	
ainsi	166	Ainsi	1	Ensint	1	ensint	2	Ensi	3	ensi	10	Einsint	27	einsint	32	Einsi	34	einsi	56	
ainz	126	ains	1	Ains	1	Ainz	3	ainz	20	einz	101	
ainzné	2	ainsnez	1	ainsné	1	
air1	6	airs	2	air	4	
air2	1	eir	1	
aire2	1	aire	1	
ais	1	ais	1	
aise	3	aise	3	
aisier	1	asent	1	
aitre	2	atrie	2	
alaitier	4	alaitoit	1	aletier	1	alaitai	1	aletai	1	
aleine	1	alaine	1	
amaigrir	3	amaigrir	1	amegrir	1	amegrissoit	1	
ambroise	4	Ambrose	1	Ambroses	3	
apaisier	12	apesies	1	apeisie	1	apaisie	1	apeisier	1	apaisast	1	apaisa	1	apesiez	1	apesa	1	apaisoit	2	apesie	2	
apareillement	2	aparelliement	1	apareillemenz	1	
apareillier1	31	aparellierent	1	aparelloient	1	apareillé	1	appareillies	1	apareillié	1	aparellié	1	aparelloit	1	Apareilliez	1	apareilloient	1	apareilles	1	apareillies	1	aparellier	2	aparellie	2	apareillie	2	apareillierent	2	aparelliez	3	apareilliez	4	apareillier	5	
aparoir	36	aparoient	1	aparoir	1	aparus	1	aparanz	1	aparuz	1	aparu	2	aparoit	3	aparurent	3	aparut	23	
apercevoir	12	aperceü	1	apercevoit	1	aperçoivre	1	apercevoir	1	aperceüs	1	aperceüe	1	aperçurent	1	aperceüssent	1	aperçut	4	
apostoile	13	apostole	2	apostoile	2	apostoiles	9	
aproismier	19	aproismast	1	aproisme	1	apresser	1	aproismierent	3	aproisma	5	aproismier	8	
araisnier	1	aresna	1	
asseoir	25	assist	1	asistrent	1	asseoir	2	asseïmes	2	assistrent	2	asseoit	2	assises	3	assise	4	assis	8	
ataindre	2	ataignoient	1	ateins	1	
ateindre	1	ateinte	1	
atraire	6	atrai	1	atreoient	1	atrera	1	atreioit	1	atrest	2	
avoine	1	avaines	1	
avoir	1950	averont	1	Averont	1	auroies	1	Aies	1	aurions	1	avom	1	eüsmes	1	eüt	1	ei	1	auras	1	aeurent	1	out	1	aovrirent	1	aurez	1	eüssiez	1	eurent	1	Avoir	1	eüsses	1	aida	1	eüstes	1	eust	1	Avons	1	eu	1	aie	2	eüsse	2	eües	2	aidié	2	aviez	2	auroiz	2	aurai	3	avions	3	avoies	3	euïst	3	averoit	3	aient	3	auroient	3	auront	5	aura	5	aions	5	eüe	6	eümes	6	aiez	6	eü	7	oi	7	aies	9	eüssent	12	avoirs	13	avoie	13	auroit	14	ait	14	avons	23	avez	29	ont	47	eüst	48	as	55	orent	58	a	85	avoir	99	ai	107	avoient	191	ot	228	avoit	802	
baignier	1	baigniez	1	
baillie	1	baillie	1	
baillier	13	baillié	1	baillie	1	baillast	2	baillier	2	baillierent	2	bailla	5	
baillif	1	baillis	1	
baisier	15	besié	1	beisierent	1	baisai	1	besiez	1	baisa	1	besoit	1	baisoit	1	besa	2	baisier	3	besier	3	
baissier	1	bessa	1	
baraigneté	1	berhaigneté	1	
baraing	1	brahaigne	1	
bataille	14	batalle	2	batailles	3	bataille	9	
boivre	23	boivent	1	beverai	1	beüst	1	beüstes	1	beveroit	1	boives	1	beü	2	boivres	2	bevoit	2	but	3	boivre	8	
brait	1	brait	1	
cartaine	1	qarteines	1	
ceindre	2	chainte	1	ceinstrent	1	
ceine	3	ceine	3	
ceinture	3	ceinture	1	cheinture	2	
certain	6	certeine	1	certein	2	certeins	3	
certainement	13	certeinnement	1	certainnement	1	certeinement	11	
chaiere	2	chaere	2	
chaille	17	ceailles	1	cealle	1	cheaille	2	ceaille	13	
chaitif	29	Chetis	3	chetive	5	chetif	8	chetis	13	
chamoil	12	chamel	5	chameus	7	
chandoile	2	chaudele	1	chandele	1	
chäeine	7	chaines	1	chaenes	1	chaïnes	5	
chëoir	75	cheïst	1	chaoit	1	cheoient	1	chercha	1	cheïr	2	cheüs	2	cheüe	3	cheïrent	9	cheï	20	cheoir	35	
coillir	2	cuelli	1	cuellies	1	
comfait	1	confez	1	
complaindre	9	compleinstrent	1	compleignoient	1	complegnoient	1	complegnoit	2	compleindre	4	
conoistre	61	coneüst	1	counut	1	conisteroiz	1	connoistre	1	conneüssent	1	conneües	1	coneües	1	conoisteront	1	conneü	1	conui	1	Conoissiez	1	connurent	1	coneüs	1	conissoient	1	connissoit	1	conoissons	2	conoist	2	conoisse	2	coneüssent	2	conoissoient	2	conois	2	coneüz	2	coneüe	2	coneü	3	conut	3	conurent	4	conoissent	4	conoistre	7	conoissoit	9	
conseil	13	conseus	1	consauz	1	conselle	1	conseuz	1	consel	2	conseil	7	
conseillier1	5	conseilla	1	consaut	1	conseillast	3	
conseillier2	1	conseillier	1	
conseillëor	1	conseillieres	1	
constreindre	8	constreinz	1	constrains	1	constreinst	1	constreindre	1	constrainz	1	constreignoit	1	constreint	2	
contraire1	1	contrere	1	
contrait	1	contrez	1	
corbeil	5	corbiaus	1	corbeaus	4	
corbeillon	3	corbellon	3	
croire	95	cremirai	1	creanz	1	creroies	1	creües	1	croirons	1	croit	1	creü	1	croirai	1	croiz	1	creüssent	2	crurent	2	crui	2	croira	3	creez	4	creoit	4	croient	6	creons	7	creoient	8	crut	10	croi	13	croire	25	
croistre	12	crurent	1	cremor	1	crasse	1	creüs	1	croissoient	1	creüe	2	curez	2	croistre	3	
croiz	25	crucis	1	Croiz	7	croiz	17	
daërrain	1	daerrenier	1	
debonaire	4	deboneire	1	debonaires	3	
debonairement	1	debonerement	1	
decevoir	20	deceüe	1	deceües	1	decevoies	1	deceüs	1	decevoir	2	deceü	3	deceüz	3	deçoivre	8	
defaillance	1	defaillance	1	
defaille1	1	defaillance	1	
defaillir	6	defailli	1	desfaillies	1	defaillirent	1	defaille	1	defailloit	2	
deforain	2	deforeines	1	deforains	1	
deignier	14	deignie	1	deigne	1	deignes	1	deignoit	1	deigna	2	degne	2	degnast	2	deignast	4	
delaiance	1	delaiance	1	
demain	6	demein	6	
desconseillier	2	desconseilliez	1	desconseillies	1	
desdeignier	2	desdeigna	1	desdeignassent	1	
desdeing	1	desdaing	1	
desfaire	2	desfere	1	desfez	1	
despareil	1	despareil	1	
desplaire	2	despleüst	1	desplaisoit	1	
despoillier	2	despoillera	1	despoulle	1	
desputaison	2	desputisons	2	
destreindre	13	destreins	1	destreinz	1	destreigniez	1	destreindre	1	destraignoit	2	destreint	2	destreignoit	5	
detraire	5	detruist	1	detraire	1	detreire	1	detrete	1	detrest	1	
devoir	169	deümes	1	deüsse	1	deveroies	1	deuïst	1	doiomes	1	deveroient	1	doi	1	devroit	2	devroient	2	devez	2	devions	2	durent	2	doiz	3	deveroit	3	devons	4	doie	4	dut	5	doivent	8	deüst	12	devoient	23	devoit	44	doit	46	
doloir	5	dolant	1	dolanz	1	doloir	1	dolut	1	doloser	1	
däerrain	16	daerrenieres	1	daerriene	1	daerreinieres	1	daerraines	1	daerreines	1	daerrenier	1	daerrain	1	daerreine	2	daerrein	7	
dïemaine	3	diemence	3	
enceinte	2	enceinte	2	
enchëoir	1	encheüs	1	
enoiier	9	enmeine	1	anuioit	1	anuiez	1	anuiassent	1	anuier	1	enoinz	1	anoier	1	ennuiez	2	
enoios	1	annieuse	1	
enorgoillir	2	orguelli	1	enorguellist	1	
enseigne	7	enseigne	3	enseignes	4	
enseignement	1	enseignement	1	
enseignier	51	ensegnier	1	ensegnast	1	ensegnoie	1	enseignent	1	enseignoit	1	enseignant	1	enseigne	1	enseignes	1	enseigna	1	enseigniez	1	enseignierent	1	enseignie	1	ensegnoit	1	ensegnerai	1	enseignasces	1	ensignai	1	enseignié	2	ensignast	2	ensignoit	3	enseignast	3	ensignier	4	ensignié	4	ensigna	4	ensigniez	13	
entaillier	1	entaillies	1	
entaillëure	1	entailleüres	1	
enteindre	1	entiegent	1	
entrelaissier	3	entrelesserai	1	entrelessier	2	
entresait	1	entresait	1	
entrevëoir	1	entrevirent	1	
eschaillon2	1	eschaillon	1	
eslaissier	2	esleeciez	1	esleeçassent	1	
esloignier	5	eslongiés	1	esloigniez	1	eslongent	1	esloingna	1	esloignié	1	
esmaiier	3	esmaie	1	esmaiez	1	esmaiés	1	
esmerveillable	2	esmerveillables	1	esmerveillable	1	
esmerveillier	30	esmervellier	1	esmerveillames	1	esmerveilloie	1	esmerveilles	1	esmerveillions	1	esmerveille	1	esmervella	1	esmerveilloient	1	esmervelloit	1	esmervelloient	2	esmervellierent	2	esmerveilliez	3	esmerveil	3	esmerveillierent	5	esmerveilla	6	
esmovoir	20	esmeüe	1	esmovoir	1	esmovoit	1	escommovoient	1	esmut	4	esmurent	5	esmeüz	7	
essaiier	4	essaioit	1	essaiez	1	essaié	1	essaie	1	
essemplaire2	1	exemplaire	1	
esteindre	3	esteinte	1	esteinst	1	esteindre	1	
estorbeillon	1	estorbellons	1	
estoupail	1	estoupaus	1	
estovoir1	2	esteüst	1	estuet	1	
estraim	2	estrein	2	
estreindre	4	estreindre	1	estreinz	1	estreinst	1	estreinstrent	1	
esveillier	14	esveilliez	1	esvellastes	1	revellierent	1	esvellast	1	esvella	1	esvelliez	1	esveillier	2	esveilla	3	esveillierent	3	
faille1	1	falle	1	
faim	3	feim	3	
faire	991	faciat	1	feites	1	faissoit	1	fissent	1	Fetes	1	fesions	1	fei	1	ferre	1	feïz	1	faisions	1	faciez	1	feïsses	1	fesoies	1	feroiz	1	feïssons	1	feisoit	2	feisoient	2	feras	2	faites	2	faisant	2	faces	2	facent	2	feïmes	2	feïsse	2	fis	2	faissoient	2	Fai	2	fesant	2	feront	3	feïstes	3	faz	3	fai	4	fes	5	face	6	ferai	6	feïs	6	fera	6	faisoient	8	feroient	10	fez	12	feïssent	13	faite	14	feroit	15	faisoit	16	fesoient	17	font	18	fetes	23	feïst	29	fesoit	29	fete	31	faire	34	firent	51	fait	53	feire	58	fet	104	fere	174	fist	199	
fais	2	fez	1	fes	1	
faisselet	1	faisselet	1	
fait1	16	feis	1	fes	2	fais	3	fet	4	fez	6	
feindre	1	feinstrent	1	
flairier2	1	flairanz	1	
foie2	77	foies	1	feiz	1	fois	1	foïe	2	foie	6	foiz	66	
fontaine	6	fonteine	6	
forfaire	4	forfeïssent	1	forfait	1	fourfait	1	forfete	1	
fornaise	2	fornaise	1	fornese	1	
fueille	4	fuelle	1	fuelles	3	
gaire	7	guaires	1	gaires	2	gueres	4	
gaitier	10	guetent	1	guaitoit	1	guetoient	1	guaitent	1	gaitoient	2	guetoit	2	guetier	2	
genoil	4	genous	1	genouz	1	jenous	2	
germain	1	Germein	1	
graignor	1	grignors	1	
grain	2	grein	2	
gramaire2	1	gramaire	1	
gäaignier1	3	gaaignier	1	gaagnier	1	gaaigna	1	
haire	7	haire	2	heires	2	heire	3	
haitement	2	heitiement	2	
haitieement	1	heitiement	1	
haitier	17	hertie	1	heitez	1	haitié	2	haitiez	2	hetiez	2	heitié	3	heitiez	6	
ja+mais1	10	jamés	10	
joios	5	joïeus	1	joieuse	2	joieus	2	
laidement	1	leidement	1	
laidenge	2	laidenges	2	
laidengier	13	laidengierent	1	laidengié	1	ledengier	1	leidenga	1	laidenja	1	leidengiez	1	leidengoient	1	laidengassent	1	laidengoit	2	laidengier	3	
laienz	4	laienz	1	leenz	3	
laiier2	2	leiras	1	leiroit	1	
laine	1	leine	1	
lais	2	lais	2	
laissier	144	leissoient	1	lessai	1	leissent	1	lessasent	1	lessions	1	lessissons	1	lesseroient	1	leissons	1	lessas	1	lessent	1	lesseront	1	lairons	1	lait	1	lairoit	1	laissai	1	Lai	1	lessie	1	lessoient	2	let	2	lesses	2	Lessiez	2	lesse	2	lai	3	lessoit	4	lessons	4	lest	4	lessiez	5	lessassent	5	lessié	8	lessier	11	lessast	13	lessierent	21	lessa	39	
lait1	9	laidement	1	laides	1	lai	1	leide	1	lez	2	laide	3	
lait2	1	let	1	
lait3	3	leiz	1	let	1	lait	1	
lendemain	27	Lendemein	2	lendemein	25	
loi3	31	loi	1	lois	2	loy	28	
lointain	10	lontaine	1	lointaine	1	lontaignes	1	lointaignes	1	lonteines	1	lontaines	2	lonteignes	3	
loisir1	3	loist	1	lut	2	
luminaire	4	lumineres	1	luminaire	3	
mai	2	mai	1	may	1	
main2	107	main	1	meinz	8	mein	47	meins	51	
maint	60	Meint	1	maintes	1	meins	1	meinte	2	meinz	3	meint	18	meintes	34	
maintenant	56	meitenant	1	Meintenant	19	meintenant	36	
maintenir	15	meintenu	1	meintenist	1	meintient	1	maintint	1	meintenue	1	meintenissent	1	meintint	1	Meintiegne	1	meintenoit	3	meintenir	4	
mais1	341	Mais	2	mais	2	Mes	88	mes	249	
maisniee	25	mesnies	1	mesnie	24	
maison	108	messon	3	mesons	4	meson	101	
maisoncele	3	mesoncele	1	maisonceles	1	maissoncele	1	
maistre	17	mestre	7	mestres	10	
malaise	1	malaise	1	
manoir1	22	mes	1	manoir	3	manoient	8	manoit	10	
maubaillir	1	maubailliz	1	
mauvais	35	malvez	1	mauveise	1	mauveses	1	malvés	3	mauvez	3	mauvese	5	malveses	6	mauvés	6	malvese	9	
mauvaisement	2	mauvesement	2	
mauvaistié	3	mauvestié	1	malvestié	2	
meillor	7	meller	1	mellor	1	meilleur	1	meillors	1	miudre	3	
memoire	5	memorie	1	memoire	4	
merveille	25	merveilles	2	mervelle	11	merveille	12	
merveillier	1	merveil	1	
merveillos	10	merveilles	1	mervilleuse	1	mervelleuses	1	merveilleus	2	merveilleuse	5	
mescroire	5	mescreanz	1	mescroie	1	mescreoit	1	mescroire	2	
mesfaire	5	mesfeit	1	mesfet	1	mefface	1	meffirent	1	meffet	1	
mesfait	14	mesfait	1	meffez	1	mesfez	3	meffet	4	mesfet	5	
moillier1	1	mollie	1	
moinet1	1	moniot	1	
moins	10	mendres	1	meinz	2	meins	7	
moinsné	1	meinsnez	1	
mondain	1	mondeine	1	
montaigne	17	montagne	2	montaignes	3	monteigne	3	montaigne	9	
movoir	42	movoient	1	meüst	1	meüs	1	meüte	1	muiant	1	moveroient	1	meüz	2	mouvoir	2	meüssent	3	murent	3	meümes	3	movoit	4	mut	5	movoir	14	
naissance	1	naissance	1	
naistre	30	nest	1	nés	1	naissent	1	nee	1	nessoit	1	nees	2	nessent	2	nestre	4	nez	17	
necessaire	1	necessaires	1	
nonsavoir	1	nonsachanz	1	
oier	17	oïes	2	oïr	15	
oir	156	orrez	1	oiant	1	oi	1	oïez	1	orrons	1	oït	1	ooie	1	orrions	1	oïsmes	1	oient	1	oirs	1	oïmes	2	oir	2	oïe	4	ooient	6	oez	6	oïes	9	oïrent	10	ooit	10	oïr	15	oï	81	
oraison	15	oroison	1	oroisons	2	orison	4	orisons	8	
oreille	3	orelles	1	oreilles	2	
oreillier3	1	orelliers	1	
orgoillir	2	orguellesissent	1	orgueilli	1	
orgoillos	4	orgueilleus	1	orguilleus	3	
orgoillosement	1	orguelleusement	1	
orgueil	3	orgueil	3	
otroiier	39	otroioies	1	otroiez	1	otrierai	1	otroions	1	otroier	2	otroierent	2	otroie	2	otroïe	2	otroiast	2	otroié	4	otroit	6	otroia	15	
paien	41	paiene	3	paiens	16	paien	22	
paiier	5	paier	1	païe	1	paié	1	paiast	1	paia	1	
paile	2	paile	1	pailes	1	
pain	32	pain	3	peins	4	pein	25	
pais	22	pais	4	pes	18	
paisible	3	paisible	1	pesible	2	
paistre	5	pesse	1	paistres	4	
palais2	10	palais	1	palez	2	palés	7	
pareillier1	1	pareillé	1	
parfaire	15	parfirent	1	parfaire	2	parfaite	3	parfete	3	parfez	3	parfere	3	
parmanoir	5	parmeindroit	1	parmanroit	1	parmest	1	parmanoir	2	
paroir	2	peire	1	parut	1	
paroisse	2	parroce	1	parosse	1	
paveillon	2	paveillons	2	
peindre1	2	painte	2	
peine	52	peinnes	1	poines	4	peine	7	paine	10	paines	10	peines	20	
plaie1	1	plaies	1	
plaie2	12	plaies	4	plaie	8	
plaigne	1	plaigne	1	
plaiier	1	plaiez	1	
plaindre	7	pleinstrent	1	pleint	1	pleindre	1	plaigne	1	pleinsist	1	plaignoient	2	
plainte	1	pleinte	1	
plaire	30	pleroit	1	plaisoit	1	plaira	1	pleiroit	1	pleisoient	1	pleira	1	plaierent	1	plest	2	pleire	2	plera	2	plere	3	plesanz	3	plot	11	
plaisant	1	plesans	1	
plaisir	1	plesir	1	
plataine	1	plataines	1	
pleige	4	pleige	1	plege	1	pleiges	2	
plein	48	Pleinement	1	pleines	1	plein	5	pleinz	6	pleine	7	pleinement	14	pleins	14	
ploiier	3	ploier	1	plaia	1	ploïe	1	
plovoir	2	plut	2	
poi	50	peu	3	poi	8	pou	39	
poindre	5	poindera	1	poinst	1	portanz	1	point	2	
poissance	9	poissance	3	puissance	6	
poissant	23	puissant	1	poissanz	5	puissanz	17	
poissonel	1	pissonniaus	1	
portraire	1	porreture	1	
premerain	17	premerains	1	premerainz	1	premerain	1	premereine	3	premeraine	4	premerein	7	
prinseignier	4	presigniez	1	presignier	1	prensignast	1	prensigniez	1	
prochain	21	proceines	1	prochaine	1	procheines	1	prochein	1	proçaines	1	procheins	1	proceinz	1	proçaine	2	proceins	2	procheine	5	proceine	5	
proiier	4	proioit	1	proumistrent	1	prooient	2	
pöoir	408	Peüssent	1	poroient	1	poi	1	porroie	1	porai	1	porrions	1	porrez	1	peus	1	potest	1	peüsses	1	poroie	1	porroiz	1	peüsssent	1	peüs	1	porras	2	peüssiez	2	poés	2	poroit	2	peümes	2	puent	2	pooie	2	porra	2	porrai	2	poons	2	pout	3	pueent	4	puis	4	puissiez	5	porrent	6	porroient	6	puez	6	puisses	7	puist	9	puissons	10	puissent	12	pooir	13	puisse	16	peüssent	18	porent	18	pooient	21	puet	23	porroit	29	poez	31	pot	34	peüst	44	pooit	55	
rai	1	rai	1	
raiembre	1	reembre	1	
raisnier	1	resnierent	1	
raison	21	raison	1	reisons	1	ressons	1	reison	2	raisson	3	reson	6	resons	7	
ramentevoir	1	ramenteüe	1	
rapaiier	1	rapaier	1	
rapaisier	2	rapaisierent	1	rapesiez	1	
rassëoir	1	rassist	1	
ravoir1	1	rot	1	
ravoir2	10	raveroies	1	ravoioit	1	raveroient	1	raurai	1	ravoient	1	ravoier	1	rot	2	ravoir	2	
rebaillier	1	rebailla	1	
recevoir	109	recevera	1	receüst	1	Recevez	1	receüssent	1	recevrai	1	recevroient	1	rechoif	1	reçoive	1	reçoivent	1	recheü	1	recivrent	1	receües	1	receveroit	2	recevoir	3	recevoient	3	reçurent	3	rechut	3	receüz	6	receü	18	receüe	18	reçoivre	19	reçut	22	
reconoistre	10	reconois	1	reconoissoies	1	regnoissoient	1	reconoistre	1	reconurent	1	reconut	5	
recroire	1	recrié	1	
refaire1	1	refet	1	
refaire2	2	referai	1	refirent	1	
regaitier	1	regeta	1	
reim	1	reins	1	
relaissier	1	relessiez	1	
remanoir	35	remanoit	1	remanroit	1	remeint	1	remesse	1	remés	1	ramenoit	1	remenerent	1	remansist	1	remena	2	remistrent	3	remese	4	remes	8	remest	10	
removoir	7	remut	1	removoir	6	
renchëoir	1	rencheüs	1	
repaire	19	repairai	1	repairames	1	repaires	1	repairassent	1	repera	1	repaira	14	
repairier	76	repairiez	1	repeirames	1	repaireras	1	repairons	1	repeiroient	1	repairié	1	re﻿pairierent	1	reperoient	1	repere	1	reperoit	1	repairast	2	repairoient	2	reperierent	2	repaireroit	3	repairier	3	repeire	3	repeirier	3	repairoit	3	reperiez	3	repeirierent	4	reperier	4	repaira	6	repairierent	9	repera	9	repeira	10	
repostaille	1	repostaille	1	
repöoir	1	repoez	1	
ressaiier	1	ressaierent	1	
restreindre	1	restreindre	1	
retraire	18	retrest	1	retraite	1	retreites	1	retretes	1	retrez	1	retrestrent	1	retrere	1	retraist	2	retrete	2	retraire	3	retreire	4	
revoloir	1	revout	1	
romain	11	roumeinz	1	Romeinz	4	Romeins	6	
röoignier	1	roegnier	1	
saiete	2	saietes	1	saiete	1	
sain	16	seins	1	saines	1	seine	2	seinz	5	sein	7	
saint	1753	sancto	1	Seintismes	1	seintimes	2	Seins	4	Seinte	5	seins	7	seintime	7	saint	13	seintismes	16	Seint	21	seintisme	22	seintes	28	Seinz	85	seinte	119	seint	700	seinz	722	
saintement	4	seintement	4	
sainteté	1	seinteé	1	
saintëé	6	seinteez	1	seintee	2	seinteé	3	
sairement	4	seremenz	1	serement	3	
saisir	2	seisi	1	sesir	1	
savoir	418	sacrez	1	sauroiz	1	seü	1	seüsse	1	seüz	1	sache	1	sacez	1	savions	1	saciés	1	Savoir	1	sacrons	1	savoies	1	saura	1	seüssiez	1	savoirs	1	sauroient	1	mescest	1	Savoit	1	Sez	1	saçons	1	sout	1	sacent	2	saurai	2	Saches	2	Sachiez	2	saches	2	ses	3	Saciez	3	sauroit	4	sevent	4	savez	4	sei	4	seüe	4	seit	5	sez	5	Saces	6	savons	6	set	6	seüssent	7	sace	9	seüst	12	saces	13	saciez	16	savoient	28	sachiez	29	sorent	30	savoir	37	sai	46	sot	52	savoit	54	
secrestain	2	secretein	1	secreteins	1	
secretaire1	1	secretaire	1	
secretaire2	3	secretaire	3	
seculaire	2	seculers	1	seculer	1	
seignier	3	seigne	1	seigna	2	
seignor	775	Seigneur	1	signeurs	1	mesires	1	seignors	2	Segnor	2	Messires	2	Signour	3	Monsignor	3	Signeur	5	Monsigneur	7	signeur	8	signors	8	sire	11	sires	13	Seignor	15	monsignor	17	signor	21	messires	27	Sire	47	monsigneur	64	Sires	134	Signor	383	
seignorie	29	signories	1	segnorie	2	seignorie	4	signorie	22	
sein	5	sein	5	
semaine	4	semaine	1	semeine	3	
serein	1	serain	1	
sodain	3	soudainement	1	soudeinement	2	
sofraite	2	sosfrete	1	soffrete	1	
soi1	854	soi	3	se	424	s	427	
soissante	1	sessante	1	
soleil	10	soleuz	1	solauz	2	soleil	7	
solitaire	12	solitaires	1	solitaire	11	
soloir	36	soloies	1	sieus	1	soliez	1	suel	1	soloient	9	soloit	23	
sorfaire	1	sorfaiz	1	
soutain2	1	soutein	1	
soverain	1	sovraine	1	
sëoir	26	seïssent	1	seüst	1	siece	1	siet	2	seoient	3	seant	4	seoir	5	seoit	9	
süaire	3	suaire	3	
taillier1	1	tailliez	1	
taire	21	teümes	1	taises	1	teürent	1	taissiés	1	tairai	1	teisanz	1	tere	2	teire	2	teut	2	taire	2	teüssent	2	teüt	2	teurent	3	
tempoire	7	tempore	1	temporie	1	tenpore	1	tempoire	4	
traire	58	treoit	1	traistrent	1	trez	1	traist	1	trete	1	traites	1	treoient	1	trainerent	1	treioit	1	tresist	1	traite	2	traioient	2	treire	3	trere	3	tret	3	traioit	5	trestrent	14	trest	16	
trait	3	treit	1	tret	2	
traitier	3	tretié	1	traitier	1	treita	1	
travail	17	travaus	2	travail	15	
travaillier	24	traveillierent	1	travaillent	1	travelliez	1	traveillié	1	traveillons	1	traveilloient	2	traveillie	2	travaille	2	traveilloit	3	traveillier	4	traveilliez	6	
travaillos	1	traveilleuse	1	
traversain	1	traversains	1	
töaille	2	toailles	2	
ueil	26	uel	2	oel	4	euz	5	iols	15	
umain	25	humeines	2	humeins	2	humeinz	2	umeine	5	humeine	14	
vaillant	1	vaillant	1	
vain	7	veins	1	veine	1	vein	1	veines	4	
vaissel	33	vaisseaus	1	vaissel	2	vessiaus	2	vesseaus	6	vessel	22	
vaisselet	1	vesselet	1	
valoir	10	vaudroit	1	valoir	1	valoient	1	valu	2	vaut	2	valoit	3	
veille	10	velles	2	veilles	8	
veillier2	5	veillast	1	veillierent	1	veillier	1	voeille	1	veillié	1	
veine1	1	veines	1	
veintre	12	veincue	1	venquist	1	veincu	1	veinteront	1	veinteroit	1	veint	1	vendroient	1	veincuz	5	
ventrail	1	ventreil	1	
verai	61	verai	2	veraies	3	vrai	3	vraiement	4	vrais	4	veraiement	5	verais	7	veraie	8	vraie	25	
veraiement	1	veraiement	1	
vermeil1	1	vermeuz	1	
vicaire	1	vicaires	1	
vieil	25	vius	1	viels	1	viez	3	vielz	9	viel	11	
vieillart	1	viellarz	1	
vieillece	2	viellece	2	
vilain	23	vileinement	1	vileine	1	vileinz	4	vileins	7	vilein	10	
voillance	1	voellance	1	
voir	12	Voiz	1	vit	1	Voire	1	voir	3	voire	3	voirs	3	
voisos	3	viseus	1	voiseus	2	
voloir	312	voldrai	1	velt	1	voil	1	voloirs	1	volions	1	voellent	1	vuelent	1	voudrai	1	volsist	1	voudroiz	1	vousisses	1	Vousist	1	voloie	1	Volez	1	violé	1	vourent	1	veul	1	vousistes	1	vousis	1	veut	2	voudrions	2	vousissent	2	voeil	3	voloir	3	voudra	3	volons	4	voloies	4	voudroie	4	viut	4	vius	4	veus	4	voelle	5	volt	6	voelent	7	voudroit	7	voudrent	7	volez	8	vousist	14	voloient	21	voel	22	vout	60	voloit	97	
vëoir	456	voiant	1	voiz	1	veoie	1	veïsses	1	revist	1	veïsmes	1	verront	1	verroit	1	deïssent	1	verrai	1	veïssent	1	veiés	1	visitoient	1	vois	1	verroient	1	veïs	2	veüz	2	verroiz	2	veüs	2	vieus	2	vendi	2	voit	3	veons	3	veïst	4	veez	5	Veez	5	veïssiez	6	voie	6	voi	9	vi	9	viç	9	veües	11	veïmes	11	veoit	15	veoient	15	veüe	18	veü	40	veoir	50	virent	67	vit	143	
vïaire1	10	viaires	1	viaire	9	
çaienz	6	ceens	1	ceenz	5	

§34 – e protonique + l/n > i, ei, e
Marseille	1	Marselle	1	
apareillement	2	aparelliement	1	apareillemenz	1	
apareillier1	31	aparellierent	1	aparelloient	1	apareillé	1	appareillies	1	apareillié	1	aparellié	1	aparelloit	1	Apareilliez	1	apareilloient	1	apareilles	1	apareillies	1	aparellier	2	aparellie	2	apareillie	2	apareillierent	2	aparelliez	3	apareilliez	4	apareillier	5	
conseillier1	5	conseilla	1	consaut	1	conseillast	3	
corbeillon	3	corbellon	3	
deignier	14	deignie	1	deigne	1	deignes	1	deignoit	1	deigna	2	degne	2	degnast	2	deignast	4	
enseignier	51	ensegnier	1	ensegnast	1	ensegnoie	1	enseignent	1	enseignoit	1	enseignant	1	enseigne	1	enseignes	1	enseigna	1	enseigniez	1	enseignierent	1	enseignie	1	ensegnoit	1	ensegnerai	1	enseignasces	1	ensignai	1	enseignié	2	ensignast	2	ensignoit	3	enseignast	3	ensignier	4	ensignié	4	ensigna	4	ensigniez	13	
esmerveillier	30	esmervellier	1	esmerveillames	1	esmerveilloie	1	esmerveilles	1	esmerveillions	1	esmerveille	1	esmervella	1	esmerveilloient	1	esmervelloit	1	esmervelloient	2	esmervellierent	2	esmerveilliez	3	esmerveil	3	esmerveillierent	5	esmerveilla	6	
estorbeillon	1	estorbellons	1	
esveillier	14	esveilliez	1	esvellastes	1	revellierent	1	esvellast	1	esvella	1	esvelliez	1	esveillier	2	esveilla	3	esveillierent	3	
fueille	4	fuelle	1	fuelles	3	
meillor	7	meller	1	mellor	1	meilleur	1	meillors	1	miudre	3	
merveille	25	merveilles	2	mervelle	11	merveille	12	
merveillier	1	merveil	1	
merveillos	10	merveilles	1	mervilleuse	1	mervelleuses	1	merveilleus	2	merveilleuse	5	
oreille	3	orelles	1	oreilles	2	
oreillier3	1	orelliers	1	
seignor	775	Seigneur	1	signeurs	1	mesires	1	seignors	2	Segnor	2	Messires	2	Signour	3	Monsignor	3	Signeur	5	Monsigneur	7	signeur	8	signors	8	sire	11	sires	13	Seignor	15	monsignor	17	signor	21	messires	27	Sire	47	monsigneur	64	Sires	134	Signor	383	
seignorie	29	signories	1	segnorie	2	seignorie	4	signorie	22	
veille	10	velles	2	veilles	8	
vieillart	1	viellarz	1	
vieillece	2	viellece	2	

§34 – o initial + n > a + n
Adagedonc	1	Adagedonc	1	
Agabaron	1	Agabaron	1	
Aquileon	1	Aquileon	1	
Babilonie	2	Babiloine	1	Babyloine	1	
Bonivent	2	Bonivent	2	
Cabinone	1	Cabinone	1	
Calitone	1	Calitone	1	
Caton	2	Chatons	2	
Cholomaide	1	Cholomaide	1	
Claudiomas	1	Claudiomas	1	
Condé	3	Condé	3	
Conrad	1	Corras	1	
Constantin	3	Costentin	3	
Constantinople	4	Costantinoble	2	Costentinoble	2	
Dieudonné	5	Deudoné	1	Dedonés	1	Deudonez	3	
Gardone	1	Gardone	1	
Garone	1	Garone	1	
Getron	14	Getron	1	Jethron	1	Jechron	12	
Honoire	3	Honores	1	Honoires	2	
Honoré	2	Honoires	1	Honores	1	
Hylarion	1	Hylarions	1	
Jerome	29	Jerosmes	1	Jerome	1	J﻿eromes	1	Jerosme	2	Jeromes	4	Jeroime	5	Jeroimes	15	
Jogonse	1	Jogonse	1	
Leon	1	Leons	1	
Lombardie	8	Lombardie	8	
Mongiu	1	Mongiu	1	
Montcassin	4	Moncassins	1	Montcassins	1	Montcassin	2	
Narbone	2	Nerbone	2	
Noiron	5	Noiron	2	Noirons	3	
Nuiton	1	Nuiton	1	
Pompeien	2	Pompeiens	2	
Pomponie	2	Pomponie	2	
Rome	45	Rome	45	
Stridon	1	Stridons	1	
Symonide	2	Symonides	2	
Theoniste	2	Theoniste	1	Theonistes	1	
Thomas	1	Thomas	1	
Veronthene	1	Veronthene	1	
abitacion	4	abitation	1	habitation	1	habitations	2	
absolucion	1	absolution	1	
acompagnier	4	acompaignierent	1	acompaigniés	1	acompaigna	2	
acomplir	7	acompliz	1	acompleïsses	1	acompli	1	aconplir	1	acomplies	1	acomplir	2	
acomunier	2	acomenier	1	acommenia	1	
aconter	1	aconta	1	
adonc	107	Adonqes	1	adon	1	adonques	6	adont	8	adonqes	9	Adont	11	Adonc	35	adonc	36	
adoner	1	adona	1	
afondrer	1	asfondra	1	
aombrer	1	aombree	1	
aronde	1	arondes	1	
assomement	1	assomement	1	
avironer	6	avironnee	1	avironez	2	avirone	3	
avision	20	avisions	1	avision	19	
baron	13	baron	5	barons	8	
baston	12	bastons	1	baston	11	
benëiçon	35	beneïçons	2	beneïçon	33	
bon	154	bonne	1	boines	2	boen	2	bone	34	bones	36	bon	38	bons	41	
boniface	2	Boniface	1	Boneface	1	
bonté	6	bonté	6	
bonëuré	2	boneüré	1	boneeüree	1	
buison	1	buisson	1	
buisson	6	buisson	3	buissons	3	
charbon	2	charbons	1	charbon	1	
chardon	1	chardon	1	
colom	1	colons	1	
colombe1	2	colombe	1	coulon	1	
colombe2	3	coulombe	1	colombe	2	
comander	163	conmandez	1	conmanderoit	1	coumanç	1	coumada	1	comandoit	1	coumant	1	comandes	1	conmandas	1	comandassent	1	conmandast	1	comandas	1	comamda	1	comandera	1	comandee	1	conmanderent	1	coumandé	1	comandees	1	conmander	2	conmandoit	2	conmande	3	comandast	4	coumanda	4	comant	4	comanderent	5	conmandé	5	comande	7	comanç	7	comandé	14	conmanda	34	comanda	55	
combatre	12	combatissent	1	combati	1	combatisses	1	combatoit	2	combatre	7	
combien	6	combien	6	
combrisier	9	combrisassent	1	combrises	1	combrisserai	1	combrisiez	3	combrisa	3	
come1	671	con	1	conme	34	come	58	com	578	
comencement	3	conmencement	3	
comencier	248	conmencier	1	conmençast	1	conmança	1	començames	1	commença	1	conmanç	1	descouplerent	1	comenciez	1	conmencent	1	comandastes	1	conmanderent	1	començoient	1	coumençoit	1	comanç	1	començoit	1	coumencierent	2	conmençames	2	començai	2	conmencié	2	comencier	2	comencié	2	comencie	3	comence	4	conmence	4	coumence	6	coumença	15	conmencierent	25	comencierent	29	conmença	44	comença	91	
coment1	69	coument	1	Coument	1	Coment	2	conment	21	coment	44	
comfait	1	confez	1	
compagnie	68	conpagnie	1	conpaignies	1	compaigniez	1	compagnie	1	compaignies	4	conpaignie	5	compaignie	55	
compagnon	61	conpaignons	1	compagnons	1	compains	2	compeinz	3	compeins	5	compaignons	23	compaignon	26	
comparer1	3	comparer	3	
comparer2	2	comperassent	1	comparee	1	
complaindre	9	compleinstrent	1	compleignoient	1	complegnoient	1	complegnoit	2	compleindre	4	
comporter	2	comportoient	2	
comun	4	comun	2	comune	2	
comunauté	3	communité	1	comunité	1	coumunité	1	
comunement	2	conmunement	1	comunement	1	
comunité	1	comunité	1	
conchiier	2	conciez	1	conchies	1	
conchiëure	1	conchieüre	1	
concile	4	conciles	1	concile	3	
concorder	1	concorderent	1	
condicïon	2	condition	2	
confermer	7	conferme	1	confermez	1	confermees	1	confermer	2	confermé	2	
confessor	1	confessor	1	
confessëor	33	confessorz	1	confessors	8	confessor	24	
confire2	1	confire	1	
confondre	3	confondus	1	confondre	1	confonduz	1	
confort	2	confors	1	confort	1	
conforter	9	confortoit	1	confortoient	1	conforta	3	conforter	4	
confrerie	3	confrarie	3	
confus1	5	confus	2	confuz	3	
confusïon	1	confusïon	1	
congié	17	congiez	1	congié	16	
congregacïon	1	congregation	1	
conjurer	7	conjur	7	
conoistre	61	coneüst	1	counut	1	conisteroiz	1	connoistre	1	conneüssent	1	conneües	1	coneües	1	conoisteront	1	conneü	1	conui	1	Conoissiez	1	connurent	1	coneüs	1	conissoient	1	connissoit	1	conoissons	2	conoist	2	conoisse	2	coneüssent	2	conoissoient	2	conois	2	coneüz	2	coneüe	2	coneü	3	conut	3	conurent	4	conoissent	4	conoistre	7	conoissoit	9	
conquerre	2	conqerre	1	conquerre	1	
conroi	4	conroi	4	
conseil	13	conseus	1	consauz	1	conselle	1	conseuz	1	consel	2	conseil	7	
conseillier1	5	conseilla	1	consaut	1	conseillast	3	
conseillier2	1	conseillier	1	
conseillëor	1	conseillieres	1	
consentir	5	consentent	1	consentissions	1	consentir	1	consenti	1	consentist	1	
consomer	8	consommee	1	comsomee	1	consomees	1	consomee	5	
constreindre	8	constreinz	1	constrains	1	constreinst	1	constreindre	1	constrainz	1	constreignoit	1	constreint	2	
consule	17	conselle	1	concele	2	conseile	2	consele	3	conseles	4	conceles	5	
conte1	26	Conte	1	contes	2	conte	6	cuens	17	
conte2	3	conteret	1	conte	2	
contenir	1	contiegne	1	
conter	183	conteroie	1	contons	1	contast	1	contes	2	contant	2	conteré	2	conterei	3	contee	5	conterent	5	contoit	6	contees	7	conte	7	conterai	23	conta	31	conté	39	conter	48	
contesse	5	contesse	5	
continence	1	continence	1	
continüement	1	continelment	1	
contraire1	1	contrere	1	
contrait	1	contrez	1	
contre	10	contre	10	
contredire	3	contredeïst	1	contredire	1	contredit	1	
contree	111	contré	1	contrees	16	contree	94	
contremont	3	contremont	3	
contrester	2	contrester	2	
contreval	3	contreval	3	
controver	2	controverei	1	contruevé	1	
convers2	3	convers	3	
conversacïon	7	conversation	7	
converser	4	convertis	1	conversa	1	conversoit	2	
convertir	16	convertissoient	1	convertissent	1	convertissoit	1	converties	1	convertirent	2	convertir	2	convertiz	2	converti	3	convertie	3	
convoiier	3	convoier	1	convoia	2	
corbeillon	3	corbellon	3	
corone	8	corones	2	corone	6	
coroner	1	coronez	1	
corrompre	1	corrompue	1	
debonaire	4	deboneire	1	debonaires	3	
debonairement	1	debonerement	1	
dedicacïon	2	dedication	2	
derompre	6	derrompi	1	derrompirent	1	derrompre	4	
descombrer	1	descombrer	1	
desconfire	2	desconfeïssent	1	desconfiz	1	
desconforter	3	desconfortez	1	desconfortee	1	desconfortés	1	
desconseillier	2	desconseilliez	1	desconseillies	1	
desputaison	2	desputisons	2	
devocïon	12	devotion	12	
dissensïon	1	dissention	1	
dominator	1	Dominus	1	
don	19	don	7	dons	12	
donc	46	donqes	2	dont	2	donques	2	donc	11	Dont	13	Donc	16	
done2	1	donés	1	
doner	187	Doinst	1	dounee	1	donra	1	donames	1	somonoit	1	doing	1	doinsiez	1	donas	1	donés	1	donons	1	Donons	1	donrai	1	douna	1	donner	1	douner	2	donoient	2	doinses	2	donroit	3	donassent	3	donrons	3	donees	5	doinst	5	donez	7	done	7	donerent	8	donoit	14	donast	14	doné	14	donee	17	doner	28	dona	39	
dont	373	don	1	dont	151	Dont	221	
donter	3	dontee	3	
donëor	1	veneor	1	
dragon	4	dragons	1	dragon	3	
eleccïon	3	eslection	3	
encontre1	63	encontreval	1	encontre	62	
encontre2	3	encontre	3	
encontrer	10	encontrez	1	encontrames	1	encontroient	1	encontra	7	
enson	1	ensom	1	
environ	26	environ	26	
eschaillon2	1	eschaillon	1	
escomenie	1	escomeniee	1	
escomeniier	16	escomeniee	1	escoumenié	1	escommeniee	1	escumenierai	1	escomenioit	1	escomenieez	1	escomeniez	2	escomeniees	2	escomenié	3	escomeniiez	3	
escondire	6	escondeïsse	1	escondissoit	1	escondire	2	escondi	2	
espondre	1	esponst	1	
estorbeillon	1	estorbellons	1	
fecont	1	feconde	1	
felon	14	felonnies	1	Felon	1	felonesche	1	felenesse	1	felons	2	felon	3	fel	5	
felonie	32	felonies	7	felonie	25	
flascon2	2	flascon	1	flascons	1	
foison	1	foison	1	
fondement	2	fondement	2	
fonder2	1	fondés	1	
fondre	3	fondi	1	fondre	2	
fontaine	6	fonteine	6	
fontenele	3	fontenieles	1	fontenele	2	
fonz	2	fonz	1	fons	1	
front	1	front	1	
garison	8	guerissons	1	guerisson	1	garisons	2	garisson	2	guerison	2	
gavïon	1	gavion	1	
glotonie	1	glotonie	1	
guerredon	2	gueredon	1	guerredons	1	
guerredonëor	1	guerredonieres	1	
hontage	2	hontage	2	
honte	14	hontes	4	honte	10	
hontos	1	honteus	1	
incarnacïon	1	incarnation	1	
institucïon	2	institutions	2	
intencïon	2	entention	2	
jonece	3	jovenece	3	
joneté	1	joventé	1	
larron	9	leres	1	Larrons	1	larrons	1	lerres	2	larron	4	
legïon	1	legions	1	
leçon	4	leçon	4	
livroison	1	livroisons	1	
lombart	3	Longuebars	1	Longuebarz	2	
lonc	37	Longe	1	longues	1	lons	2	longe	4	longue	11	lonc	18	
longe	1	longe	1	
longement	30	Longuement	1	longement	10	longuement	19	
lïon	32	liens	2	lionesse	3	lion	9	lions	18	
lïoncel	3	lionceaus	3	
maison	108	messon	3	mesons	4	meson	101	
maisoncele	3	mesoncele	1	maisonceles	1	maissoncele	1	
maçon	1	machons	1	
mencïon	2	mention	1	mension	1	
moment	1	moment	1	
mon1	144	Mon	1	me	1	Ma	1	Mes	2	mi	2	Mi	4	m	8	ma	40	mon	41	mes	44	
mondain	1	mondeine	1	
monde1	33	mons	1	mondes	2	monde	30	
monder2	5	mondee	1	mondés	1	mondez	3	
monoie	3	monoie	3	
mont	7	mont	3	mons	4	
montaigne	17	montagne	2	montaignes	3	monteigne	3	montaigne	9	
monter	9	montés	1	monter	1	monte	2	monta	5	
monument	1	monument	1	
monïage	1	moniage	1	
mouton	1	moutons	1	
nacïon	2	nascion	1	nations	1	
nom	126	nons	5	non	121	
nombre	7	nombres	1	nombre	6	
nomement	1	nomeement	1	
nomer	13	nonmee	1	nomez	1	nonmé	1	noma	1	nomé	3	nomer	3	nomee	3	
non	59	Non	1	non	58	
noncier1	17	noncie	1	noncié	1	nonçoit	1	noncha	1	noncier	2	nonça	4	noncierent	7	
none1	6	nonains	2	noneins	4	
none2	4	nones	1	none	3	
notonier	4	notonier	4	
ochaison	7	ochoison	7	
ombre	1	ombre	1	
ome	759	homo	1	Enemis	1	Hom	2	Home	2	omes	5	ome	18	homes	70	home	275	hom	385	
omecide	1	homecides	1	
omnipotent	1	Omnipotens	1	
on	176	om	1	on	42	en	133	
once2	1	onces	1	
oncle	1	oncle	1	
onde	8	onde	3	ondes	5	
ondoiier	1	ondoioit	1	
oneste	4	honestement	1	honeste	1	honestes	2	
onor	39	honors	1	onor	2	ouneur	2	honor	3	honeur	9	oneur	22	
onorable	7	onorable	1	honorable	2	honorablement	4	
onorer	13	oneroient	1	honorassent	1	honoerrai	1	honorer	2	honoroient	2	honorez	2	honora	2	honeurent	2	
onque	134	Onques	1	Onqes	2	onques	32	onqes	99	
opinïon	1	opinium	1	
oraison	15	oroison	1	oroisons	2	orison	4	orisons	8	
ordoner	1	ordenees	1	
orison	142	orisons	2	orisson	36	orissons	104	
parconter	1	parconter	1	
pardon	15	pardon	15	
pardoner	12	pardonoit	1	pardonerent	1	pardonez	1	pardonroit	1	pardonast	4	pardona	4	
parfondece	3	parfondece	3	
parfont	7	parfons	2	parfonde	2	parfont	3	
parçonier	4	parçonier	2	parçoniers	2	
passïon	3	passion	3	
patron	1	patron	1	
paveillon	2	paveillons	2	
persecucïon	3	persecutions	3	
persone	5	persones	2	persone	3	
plongier	1	plongier	1	
pluion	1	plunions	1	
poison	1	poison	1	
poisson	8	poissons	4	poisson	4	
poissonel	1	pissonniaus	1	
pomier	1	pomiers	1	
pompee	1	Pompeus	1	
pont	2	pons	1	pont	1	
possessïon	6	possessions	6	
postcomunïon	1	postcommunion	1	
predicacïon	9	predications	1	predicaton	1	predication	7	
presoncïon	1	presomption	1	
prison	17	prissons	1	prisons	3	prisson	6	prison	7	
prisonier	1	prisoniers	1	
prodome	47	prodomes	1	prodom	1	prodome	1	preudomes	4	preudome	9	preudom	31	
promesse	2	promesse	1	promesses	1	
prometre	13	proumist	1	promettent	1	promist	2	promise	3	promis	6	
prononcier	1	prononcié	1	
raconter	1	raconté	1	
raison	21	raison	1	reisons	1	ressons	1	reison	2	raisson	3	reson	6	resons	7	
recomencier	12	recomencierent	1	recoumença	1	recomencier	1	recomant	1	recomençoit	2	recomença	6	
reconforter	2	reconfortez	1	reconfortoit	1	
reconoistre	10	reconois	1	reconoissoies	1	regnoissoient	1	reconoistre	1	reconurent	1	reconut	5	
reconter	93	raconterai	1	raconteroie	1	raconterei	1	raconté	1	racontés	1	reconte	1	raconteras	1	racontasses	1	racontez	1	recontent	1	racontee	1	reconterent	1	racontoient	1	reconterai	1	recontoit	1	reconter	2	racontees	2	racontast	2	reconta	3	racontent	4	raconterent	6	racontes	6	raconta	9	raconte	20	raconter	24	
reconvertir	1	reconvertiz	1	
regïon	19	regions	7	region	12	
religïon	14	religion	14	
remissïon	5	remissions	1	remission	4	
renom	1	renon	1	
renomee	10	renoumee	1	renomee	9	
renomer	2	renomez	1	renonça	1	
renoncier	3	renoncier	1	renoncierent	1	renonça	1	
repondre	15	repondre	1	reponoient	1	repoz	1	repostement	1	repondroit	1	reposte	5	repost	5	
repromissïon	1	repomissions	1	
resconser	1	resconse	1	
reson	2	resons	1	reson	1	
resonement	1	resonement	1	
respondre1	129	respons	1	respant	1	respandi	1	respondu	2	respondoit	5	respondre	5	respondirent	17	respondi	97	
respons	4	respons	4	
resurrecïon	4	resurrection	4	
romain	11	roumeinz	1	Romeinz	4	Romeins	6	
rompre	2	route	1	rompues	1	
rëondece	1	reondece	1	
rëont	1	reonde	1	
sablon	1	sablon	1	
satisfacïon	1	satifation	1	
secont1	4	secondes	1	seconde	1	secont	2	
selonc	25	selonc	2	solonc	23	
semondre	4	semondre	1	semont	1	semons	2	
sermon	2	sermons	1	sermon	1	
sermoner	6	sermona	1	sermonez	1	sermonoit	2	sermoner	2	
som1	2	som	2	
som2	6	som	6	
som3	1	som	1	
some3	2	some	2	
son3	1	sons	1	
son4	1362	Son	1	﻿ses	1	ses﻿	1	sua	1	S	1	Sa	4	Si	6	Ses	7	si	24	s	90	son	304	ses	402	sa	520	
soner	2	sonoient	1	sounoit	1	
songe	4	songes	4	
sormonter	3	sormontee	1	sormonta	2	
soronder	1	seuronder	1	
surrectïon	1	surrection	1	
suspeccïon	1	souspeçon	1	
sïon	4	Syon	4	
tentacïon	5	temptations	1	temptation	4	
tençon	5	tençon	2	tençons	3	
tombe1	15	tombe	15	
ton4	139	tez	1	ti	3	t	5	tes	35	ton	36	ta	59	
tondre1	1	tondre	1	
tonel	5	toniaus	1	toniel	2	tonel	2	
toner	1	touna	1	
tonoire	4	tonoirres	1	tonoire	3	
tribulacïon	3	tribulation	1	tribulations	2	
trone	1	trosne	1	
träison	8	traïson	3	traïsson	5	
veneracïon	2	veneration	2	
venoison	1	venoisons	1	
visïon	1	vision	1	
vomir	1	womi	1	
vomit	1	vomite	1	


§36 – Dissibilation de O
Honoire	3	Honores	1	Honoires	2	
Honoré	2	Honoires	1	Honores	1	
conoistre	61	coneüst	1	counut	1	conisteroiz	1	connoistre	1	conneüssent	1	conneües	1	coneües	1	conoisteront	1	conneü	1	conui	1	Conoissiez	1	connurent	1	coneüs	1	conissoient	1	connissoit	1	conoissons	2	conoist	2	conoisse	2	coneüssent	2	conoissoient	2	conois	2	coneüz	2	coneüe	2	coneü	3	conut	3	conurent	4	conoissent	4	conoistre	7	conoissoit	9	
corrocier	26	corroça	1	corroce	1	corrouçast	1	corroceroit	1	corrocierent	1	corroçoit	1	corroces	2	corrocié	2	corrocier	3	corrociez	13	
doloros	11	dolereuse	1	dolereus	2	dolereusement	3	dolereuses	5	
escomeniier	16	escomeniee	1	escoumenié	1	escommeniee	1	escumenierai	1	escomenioit	1	escomenieez	1	escomeniez	2	escomeniees	2	escomenié	3	escomeniiez	3	
monoie	3	monoie	3	
onor	39	honors	1	onor	2	ouneur	2	honor	3	honeur	9	oneur	22	
onorable	7	onorable	1	honorable	2	honorablement	4	
onorer	13	oneroient	1	honorassent	1	honoerrai	1	honorer	2	honoroient	2	honorez	2	honora	2	honeurent	2	
prononcier	1	prononcié	1	
reconoistre	10	reconois	1	reconoissoies	1	regnoissoient	1	reconoistre	1	reconurent	1	reconut	5	
tonoire	4	tonoirres	1	tonoire	3	

§36 – Dissibilation de i
Philippe	3	Phelippes	3	
Sicile	3	Sezile	1	Sulie	2	
privilege	2	privilege	1	previlege	1	
religïon	14	religion	14	
visiter	21	visitast	1	visité	1	visitez	2	visitoient	2	visiter	15	
