

A initial en hiatus + pas de palatalisation
chascun	45	cascun	1	cascuns	1	Chascuns	1	chascune	2	chascuns	13	chascun	27	

§32 -- E PROTONIQUE + YOD > PIC. oi, i
Amboise	1	Embaise	1	
Aquitaine	3	Aqitaine	1	Aquitaine	2	
Cesaire	2	Cesaires	2	
Cholomaide	1	Cholomaide	1	
Gascoigne	4	Gascogne	1	Gascoigne	3	
Hilaire	1	Ylaire	1	
Honoire	3	Honores	1	Honoires	2	
Lucain	1	Lucans	1	
Madelaine	1	Magdalene	1	
Maine	1	Meine	1	
Marseille	1	Marselle	1	
Toraine	2	Toraine	1	Toreine	1	
Ylaire	5	Ylaires	1	Ylaire	4	
aaisier	1	aaisierent	1	
abaiier	1	abaier	1	
abaissier	3	abesse	1	abessie	2	
abeie	29	abeïes	3	abeïe	26	
acoillir	4	acoilli	1	acuelli	1	acuellie	2	
afaire2	12	aferes	1	afere	3	afaires	3	afaire	5	
agait	1	aguaiz	1	
agaitier	2	aguetier	1	agaitoit	1	
agenoillier	6	agenoilliez	1	ajenolla	1	ajenoilla	2	agenoilla	2	
aideor	3	aidieres	1	aidierres	2	
aidier	24	adjutoz	1	aidie	1	aidoient	1	aidierent	1	aidié	2	aidoit	3	aidast	3	aïde	4	aidier	8	
aigue	35	eaue	1	eves	1	eave	4	eve	29	
aillors	2	ailleurs	1	Ailleurs	1	
aine	1	eine	1	
ainsi	95	Ainsi	1	ensint	2	Ensi	3	ensi	6	Einsint	13	einsint	17	Einsi	18	einsi	35	
ainz	87	ains	1	Ains	1	Ainz	2	ainz	19	einz	64	
ainzné	1	ainsnez	1	
air1	3	air	3	
ais	1	ais	1	
aise	2	aise	2	
aitre	2	atrie	2	
alaitier	1	aletai	1	
aleine	1	alaine	1	
amaigrir	2	amaigrir	1	amegrir	1	
ambroise	4	Ambrose	1	Ambroses	3	
apaisier	9	apesies	1	apeisie	1	apaisie	1	apeisier	1	apaisast	1	apaisoit	2	apesie	2	
apareillement	2	aparelliement	1	apareillemenz	1	
apareillier1	18	aparellierent	1	aparelloient	1	aparellier	1	apareillé	1	apareilliez	1	appareillies	1	apareillié	1	aparellié	1	aparelloit	1	Apareilliez	1	apareilloient	1	apareillier	1	aparellie	2	aparelliez	2	apareillie	2	
aparoir	19	aparoient	1	aparoir	1	aparoit	2	aparurent	3	aparut	12	
apercevoir	7	aperceü	1	apercevoit	1	aperçoivre	1	apercevoir	1	aperçut	3	
apostoile	9	apostole	2	apostoile	2	apostoiles	5	
aproismier	17	aproismast	1	aproisme	1	apresser	1	aproisma	3	aproismierent	3	aproismier	8	
asseoir	16	assist	1	asistrent	1	assistrent	1	asseoir	2	asseïmes	2	assise	2	assises	2	asseoit	2	assis	3	
ateindre	1	ateinte	1	
atraire	3	atrai	1	atrera	1	atreioit	1	
avoine	1	avaines	1	
avoir	1219	aie	1	averont	1	Averont	1	auroies	1	Aies	1	aurions	1	avom	1	eüsmes	1	eüt	1	eüsse	1	ei	1	aient	1	auras	1	aeurent	1	out	1	aovrirent	1	aurez	1	eüssiez	1	auroiz	1	aviez	1	avions	2	avoies	2	euïst	2	eües	2	eü	3	aurai	3	averoit	3	aions	3	auroient	3	eüe	4	aura	4	auront	5	oi	5	aiez	5	eüssent	6	ait	6	eümes	6	aies	7	avoirs	8	auroit	11	avoie	11	avons	16	avez	18	orent	21	ont	29	as	36	eüst	38	a	58	avoir	68	ai	74	avoient	112	ot	134	avoit	494	
baignier	1	baigniez	1	
baillie	1	baillie	1	
baillier	9	baillié	1	baillie	1	baillier	1	baillierent	1	baillast	2	bailla	3	
baisier	7	besa	1	besié	1	beisierent	1	baisai	1	besiez	1	baisier	1	baisoit	1	
baissier	1	bessa	1	
baraigneté	1	berhaigneté	1	
baraing	1	brahaigne	1	
bataille	12	batalle	2	batailles	3	bataille	7	
boivre	10	beü	1	boivres	1	bevoit	2	but	3	boivre	3	
brait	1	brait	1	
cartaine	1	qarteines	1	
ceindre	1	chainte	1	
ceine	3	ceine	3	
ceinture	3	ceinture	1	cheinture	2	
certain	4	certeine	1	certein	1	certeins	2	
certainement	5	certeinnement	1	certainnement	1	certeinement	3	
chaiere	2	chaere	2	
chaille	8	cheaille	1	ceailles	1	ceaille	6	
chaitif	15	Chetis	1	chetive	2	chetif	3	chetis	9	
chamoil	12	chamel	5	chameus	7	
chandoile	1	chaudele	1	
chäeine	7	chaines	1	chaenes	1	chaïnes	5	
chëoir	46	cheïst	1	chaoit	1	cheüe	2	cheïr	2	cheïrent	8	cheï	12	cheoir	20	
coillir	2	cuelli	1	cuellies	1	
comfait	1	confez	1	
complaindre	3	compleinstrent	1	compleindre	1	complegnoit	1	
conoistre	44	coneüst	1	counut	1	conisteroiz	1	conoissons	1	connoistre	1	conoisse	1	conneüssent	1	conneües	1	coneües	1	conoisteront	1	coneüssent	1	conneü	1	coneü	1	conui	1	coneüs	1	conois	1	conissoient	1	conurent	2	conoist	2	conoissoient	2	conut	2	conoissent	4	conoistre	7	conoissoit	8	
conseil	8	conseus	1	consauz	1	consel	1	conseil	5	
conseillier1	1	conseillast	1	
conseillëor	1	conseillieres	1	
constreindre	4	constreint	1	constreinz	1	constrains	1	constreinst	1	
contraire1	1	contrere	1	
corbeillon	3	corbellon	3	
croire	67	cremirai	1	creanz	1	creroies	1	creües	1	croirons	1	crurent	1	creüssent	2	creez	2	croira	2	creons	2	croient	6	crut	7	creoient	7	croi	10	croire	23	
croistre	8	crurent	1	cremeur	1	croistre	1	crasse	1	creüe	2	curez	2	
croiz	16	crucis	1	Croiz	1	croiz	14	
daërrain	1	daerrenier	1	
debonaire	2	debonaires	1	deboneire	1	
decevoir	11	deceü	1	deceüe	1	deceües	1	decevoies	1	decevoir	2	deceüz	2	deçoivre	3	
defaille1	1	defaillance	1	
defaillir	5	defailli	1	desfaillies	1	defaille	1	defailloit	2	
deforain	1	deforeines	1	
deignier	7	deignie	1	deigne	1	degnast	1	deigna	2	degne	2	
delaiance	1	delaiance	1	
demain	3	demein	3	
desconseillier	1	desconseilliez	1	
desdeignier	1	desdeigna	1	
desfaire	2	desfere	1	desfez	1	
despareil	1	despareil	1	
desplaire	1	despleüst	1	
despoillier	2	despoillera	1	despoulle	1	
desputaison	2	desputisons	2	
destreindre	5	destraignoit	1	destreint	1	destreins	1	destreignoit	2	
detraire	3	detruist	1	detrete	1	detrest	1	
devoir	113	dut	1	devroient	1	devez	1	deümes	1	deüsse	1	deveroies	1	deuïst	1	deveroient	1	devroit	2	devions	2	doie	2	doiz	3	deveroit	3	devons	3	doivent	4	deüst	7	devoient	15	devoit	25	doit	39	
doloir	3	dolant	1	dolanz	1	doloir	1	
däerrain	14	daerrenieres	1	daerriene	1	daerreinieres	1	daerraines	1	daerreines	1	daerrenier	1	daerreine	2	daerrein	6	
enceinte	1	enceinte	1	
enoiier	6	enmeine	1	anuioit	1	ennuiez	1	anuiez	1	anuiassent	1	anuier	1	
enoios	1	annieuse	1	
enorgoillir	2	orguelli	1	enorguellist	1	
enseigne	4	enseignes	2	enseigne	2	
enseignement	1	enseignement	1	
enseignier	32	ensegnier	1	enseignié	1	ensegnast	1	ensegnoie	1	enseignent	1	ensignier	1	enseignoit	1	enseignant	1	enseigne	1	enseignes	1	enseigna	1	ensignast	1	enseignie	1	ensignié	2	enseignast	2	ensignoit	3	ensigna	3	ensigniez	9	
entaillier	1	entaillies	1	
entaillëure	1	entailleüres	1	
enteindre	1	entiegent	1	
entrelaissier	3	entrelesserai	1	entrelessier	2	
entresait	1	entresait	1	
eschaillon2	1	eschaillon	1	
eslaissier	2	esleeciez	1	esleeçassent	1	
esloignier	2	eslongiés	1	eslongent	1	
esmaiier	1	esmaie	1	
esmerveillier	21	esmervelloient	1	esmervellier	1	esmerveillames	1	esmerveilloie	1	esmerveilles	1	esmerveillions	1	esmerveille	1	esmerveilla	1	esmervella	1	esmerveilloient	1	esmerveilliez	2	esmervellierent	2	esmerveil	3	esmerveillierent	4	
esmovoir	13	esmeüe	1	esmovoir	1	esmovoit	1	esmut	2	esmeüz	4	esmurent	4	
essaiier	2	essaioit	1	essaiez	1	
essemplaire2	1	exemplaire	1	
esteindre	2	esteinte	1	esteinst	1	
estorbeillon	1	estorbellons	1	
estraim	2	estrein	2	
estreindre	4	estreindre	1	estreinz	1	estreinst	1	estreinstrent	1	
esveillier	9	esveilliez	1	esveillier	1	esvellastes	1	revellierent	1	esvellast	1	esveilla	2	esveillierent	2	
faille1	1	falle	1	
faim	1	feim	1	
faire	635	feras	1	faciat	1	faisant	1	faces	1	feites	1	faissoit	1	feïsse	1	faissoient	1	fissent	1	Fetes	1	fesions	1	fei	1	ferre	1	feïz	1	faciez	1	fesant	1	feisoit	2	feïstes	2	feisoient	2	faites	2	facent	2	feïmes	2	fis	2	faz	2	Fai	2	feront	3	fes	3	fera	3	face	4	ferai	4	fai	4	fesoient	5	feroient	5	faisoient	6	feïs	6	feroit	8	faite	9	fez	9	feïssent	11	font	11	fetes	11	faisoit	14	fesoit	15	fete	19	feïst	22	faire	24	firent	29	fait	35	feire	50	fet	61	fere	88	fist	142	
fais	2	fez	1	fes	1	
faisselet	1	faisselet	1	
fait1	10	feis	1	fes	1	fet	2	fais	3	fez	3	
flairier2	1	flairanz	1	
foie2	51	foies	1	foie	1	feiz	1	foïe	2	foiz	46	
fontaine	1	fonteine	1	
fornaise	2	fornaise	1	fornese	1	
fueille	1	fuelles	1	
gaire	5	guaires	1	gaires	2	gueres	2	
gaitier	7	guetoit	1	guetent	1	guetier	1	guaitoit	1	guetoient	1	gaitoient	2	
genoil	3	jenous	1	genous	1	genouz	1	
graignor	1	grignors	1	
grain	1	grein	1	
gramaire2	1	gramaire	1	
haire	7	haire	2	heires	2	heire	3	
haitement	1	heitiement	1	
haitieement	1	heitiement	1	
haitier	9	haitiez	1	hetiez	1	hertie	1	heitez	1	heitiez	1	haitié	2	heitié	2	
ja+mais1	4	jamés	4	
laidenge	2	laidenges	2	
laidengier	10	laidengierent	1	laidengié	1	ledengier	1	leidenga	1	leidengiez	1	leidengoient	1	laidengoit	2	laidengier	2	
laiier2	2	leiras	1	leiroit	1	
laine	1	leine	1	
laissier	97	lessoient	1	leissoient	1	lessai	1	leissent	1	lessasent	1	lessions	1	lessissons	1	lesseroient	1	leissons	1	lessas	1	lessent	1	lesseront	1	lairons	1	lesse	1	lessie	1	let	2	lesses	2	lest	2	lai	2	Lessiez	2	lessoit	3	lessassent	3	lessiez	4	lessons	4	lessié	7	lessier	8	lessast	11	lessierent	11	lessa	21	
lait1	8	laidement	1	laides	1	leide	1	lez	2	laide	3	
lait2	1	let	1	
lait3	2	leiz	1	let	1	
lendemain	20	Lendemein	1	lendemein	19	
loi3	28	loi	1	lois	2	loy	25	
lointain	7	lontaine	1	lointaine	1	lontaignes	1	lointaignes	1	lontaines	1	lonteines	1	lonteignes	1	
loisir1	3	loist	1	lut	2	
luminaire	4	lumineres	1	luminaire	3	
mai	1	mai	1	
main2	69	main	1	meinz	7	meins	29	mein	32	
maint	54	Meint	1	maintes	1	meins	1	meinte	2	meinz	3	meint	13	meintes	33	
maintenant	31	meitenant	1	Meintenant	11	meintenant	19	
maintenir	10	meintenu	1	meintenir	1	meintenist	1	meintient	1	maintint	1	meintenue	1	meintenissent	1	meintenoit	3	
mais1	241	Mais	2	mais	2	Mes	85	mes	152	
maisniee	16	mesnies	1	mesnie	15	
maison	68	messon	2	meson	66	
maisoncele	3	mesoncele	1	maisonceles	1	maissoncele	1	
maistre	14	mestre	6	mestres	8	
malaise	1	malaise	1	
manoir1	12	mes	1	manoir	2	manoient	4	manoit	5	
mauvais	26	malvez	1	mauveise	1	mauveses	1	malvés	2	mauvese	2	mauvés	5	malveses	6	malvese	8	
mauvaistié	3	mauvestié	1	malvestié	2	
meillor	6	meller	1	mellor	1	meilleur	1	miudre	3	
memoire	4	memorie	1	memoire	3	
merveille	12	merveilles	1	merveille	4	mervelle	7	
merveillier	1	merveil	1	
merveillos	9	merveilles	1	mervilleuse	1	merveilleus	1	mervelleuses	1	merveille	2	merveilleuse	3	
mescroire	3	mescreanz	1	mescroie	1	mescreoit	1	
mesfaire	2	mesfeit	1	mesfet	1	
mesfait	11	mesfait	1	meffez	1	mesfez	2	meffet	2	mesfet	5	
moillier1	1	mollie	1	
moins	6	mendres	1	meinz	2	meins	3	
mondain	1	mondeine	1	
montaigne	8	montaignes	3	montaigne	5	
movoir	30	movoient	1	meüst	1	meüs	1	meüz	1	meüte	1	muiant	1	murent	2	meüssent	3	movoit	3	meümes	3	mut	4	movoir	9	
naistre	20	nest	1	nés	1	naissent	1	nee	1	nessent	1	nestre	4	nez	11	
necessaire	1	necessaires	1	
nonsavoir	1	nonsachanz	1	
oier	14	oïes	2	oïr	12	
oir	137	orrez	1	oiant	1	oi	1	oïez	1	orrons	1	oït	1	ooie	1	orrions	1	oïsmes	1	oient	1	oïmes	2	oir	2	ooient	4	oïe	4	oez	5	oïes	9	oïrent	9	ooit	10	oïr	14	oï	68	
oraison	11	oroison	1	orison	3	orisons	7	
oreille	3	orelles	1	oreilles	2	
oreillier3	1	orelliers	1	
orgoillir	1	orguellesissent	1	
orgoillos	4	orgueilleus	1	orguilleus	3	
orgueil	2	orgueil	2	
paien	35	paiene	3	paiens	12	paien	20	
paile	1	pailes	1	
pain	23	peins	3	pain	3	pein	17	
pais	15	pais	4	pes	11	
paisible	3	paisible	1	pesible	2	
paistre	5	pesse	1	paistres	4	
palais2	8	palais	1	palez	2	palés	5	
pareillier1	1	pareillé	1	
parfaire	7	parfaire	1	parfaite	2	parfete	2	parfez	2	
parmanoir	5	parmeindroit	1	parmanroit	1	parmest	1	parmanoir	2	
paroir	1	peire	1	
paroisse	2	parroce	1	parosse	1	
paveillon	2	paveillons	2	
peine	40	peinnes	1	poines	1	peine	6	paine	8	paines	9	peines	15	
plaie2	10	plaies	2	plaie	8	
plaigne	1	plaigne	1	
plaindre	4	pleinstrent	1	plaignoient	1	pleint	1	plaigne	1	
plainte	1	pleinte	1	
plaire	20	pleroit	1	plaisoit	1	plaira	1	pleiroit	1	pleisoient	1	pleira	1	pleire	1	plera	1	plesanz	1	plest	2	plot	9	
plaisant	1	plesans	1	
plaisir	1	plesir	1	
plataine	1	plataines	1	
plein	26	Pleinement	1	pleine	3	plein	4	pleins	4	pleinz	4	pleinement	10	
ploiier	3	ploier	1	plaia	1	ploïe	1	
plovoir	1	plut	1	
poi	35	peu	3	poi	7	pou	25	
poindre	5	poindera	1	poinst	1	portanz	1	point	2	
poissance	8	poissance	3	puissance	5	
poissant	12	puissant	1	poissanz	3	puissanz	8	
poissonel	1	pissonniaus	1	
portraire	1	porreture	1	
premerain	13	premerains	1	premerainz	1	premereine	2	premeraine	3	premerein	6	
prinseignier	4	presigniez	1	presignier	1	prensignast	1	prensigniez	1	
prochain	17	proceines	1	prochaine	1	procheines	1	prochein	1	proçaines	1	proceinz	1	proçaine	2	proceins	2	procheine	3	proceine	4	
proiier	4	proioit	1	proumistrent	1	prooient	2	
pöoir	254	Peüssent	1	poroit	1	poroient	1	pooie	1	poi	1	porroie	1	porai	1	porrions	1	porrez	1	peus	1	potest	1	peüsses	1	porroiz	1	peüsssent	1	pout	1	porrai	1	peüs	1	porrent	2	porras	2	peüssiez	2	poés	2	puis	2	peümes	2	puent	2	porra	2	puissiez	2	pueent	3	porroient	3	puissons	4	puez	4	puisses	5	puist	7	puisse	8	pooir	9	puissent	9	porent	10	peüssent	12	poez	12	pooient	13	puet	14	porroit	19	pot	21	peüst	24	pooit	42	
rai	1	rai	1	
raisnier	1	resnierent	1	
raison	12	raison	1	reisons	1	reison	2	raisson	2	reson	3	resons	3	
ramentevoir	1	ramenteüe	1	
rassëoir	1	rassist	1	
ravoir1	1	rot	1	
ravoir2	4	raveroies	1	ravoient	1	rot	2	
rebaillier	1	rebailla	1	
recevoir	77	reçurent	1	recevera	1	receüst	1	Recevez	1	receüssent	1	recevrai	1	recevroient	1	recivrent	1	receveroit	2	recevoient	2	rechut	2	recevoir	3	receüz	5	receüe	11	reçoivre	13	receü	14	reçut	17	
reconoistre	8	reconois	1	reconoissoies	1	regnoissoient	1	reconoistre	1	reconurent	1	reconut	3	
recroire	1	recrié	1	
refaire1	1	refet	1	
refaire2	1	referai	1	
relaissier	1	relessiez	1	
remanoir	16	remanoit	1	remanroit	1	remeint	1	remesse	1	remistrent	1	remés	1	remes	1	remena	1	ramenoit	1	remese	1	remest	6	
renchëoir	1	rencheüs	1	
repaire	12	repairai	1	repairames	1	repaires	1	repairassent	1	repera	1	patremoine	1	repaira	6	
repairier	35	repairiez	1	repaireroit	1	repeirames	1	repairoient	1	repeirier	1	repaireras	1	repairoit	1	repairons	1	repeiroient	1	repera	1	repairié	1	repairast	2	reperier	2	repairier	2	repeire	2	repeirierent	3	repairierent	3	repeira	4	repaira	6	
repostaille	1	repostaille	1	
repöoir	1	repoez	1	
ressaiier	1	ressaierent	1	
restreindre	1	restreindre	1	
retraire	13	retrest	1	retraite	1	retreites	1	retretes	1	retrez	1	retraist	2	retraire	2	retrete	2	retreire	2	
revoloir	1	revout	1	
romain	1	roumeinz	1	
röoignier	1	roegnier	1	
saiete	2	saietes	1	saiete	1	
sain	8	seins	1	saines	1	seine	1	sein	2	seinz	3	
saint	1103	sancto	1	Seintismes	1	Seins	3	Seinte	3	seins	3	seintime	3	seintismes	6	saint	8	Seint	8	seintisme	12	seintes	18	Seinz	51	seinte	95	seint	422	seinz	469	
saintement	1	seintement	1	
saintëé	5	seinteez	1	seintee	2	seinteé	2	
saisir	2	seisi	1	sesir	1	
savoir	278	sacrez	1	sauroiz	1	savez	1	seü	1	seüsse	1	seüz	1	sache	1	sacez	1	savions	1	saciés	1	Savoir	1	sacrons	1	seüe	1	savoies	1	mescest	1	Savoit	1	Sez	1	saçons	1	sacent	2	saurai	2	sei	2	ses	3	sauroit	4	Saces	4	sevent	4	savons	4	seüssent	4	seit	5	sez	5	set	5	seüst	8	saciez	8	sace	8	saces	11	sorent	13	sachiez	18	savoient	18	savoir	26	sai	34	savoit	34	sot	38	
secrestain	2	secretein	1	secreteins	1	
secretaire1	1	secretaire	1	
secretaire2	3	secretaire	3	
seculaire	1	seculers	1	
seignier	1	seigna	1	
seignor	466	Seigneur	1	seignors	1	signeurs	1	Messires	1	mesires	1	Signour	1	seinteé	1	Segnor	2	Monsigneur	2	Signeur	3	messires	4	signors	4	signeur	7	sire	7	monsigneur	7	sires	8	Seignor	12	signor	15	Sire	32	Sires	97	Signor	259	
seignorie	21	segnorie	2	seignorie	4	signorie	15	
semaine	1	semeine	1	
serein	1	serain	1	
sodain	2	soudainement	1	soudeinement	1	
sofraite	2	sosfrete	1	soffrete	1	
soi1	545	sei	2	soi	3	s	252	se	288	
soleil	9	solauz	2	soleil	7	
solitaire	10	solitaires	1	solitaire	9	
soloir	27	soloies	1	sieus	1	soliez	1	soloient	6	soloit	18	
sorfaire	1	sorfaiz	1	
soutain2	1	soutein	1	
soverain	1	sovraine	1	
sëoir	21	seïssent	1	seüst	1	siece	1	siet	2	seant	3	seoient	3	seoit	5	seoir	5	
taillier1	1	tailliez	1	
taire	13	tere	1	teümes	1	taises	1	teire	1	teürent	1	taire	1	teüssent	1	taissiés	1	teut	2	teurent	3	
traire	34	treoit	1	traistrent	1	trez	1	traist	1	tret	1	trete	1	traioient	1	traite	2	traioit	2	treire	3	trere	3	trestrent	7	trest	10	
trait	1	tret	1	
traitier	3	tretié	1	traitier	1	treita	1	
travail	13	travaus	2	travail	11	
travaillier	17	traveillierent	1	traveillie	1	travaillent	1	travelliez	1	traveillié	1	traveilloient	2	traveilloit	2	traveillier	3	traveilliez	5	
traversain	1	traversains	1	
ueil	17	uel	1	oel	2	euz	3	iols	11	
umain	23	humeines	2	humeins	2	humeinz	2	umeine	5	humeine	12	
vaillant	1	vaillant	1	
vain	3	veins	1	veines	2	
vaissel	4	vaissel	1	vaisseaus	1	vessiaus	1	vesseaus	1	
valoir	4	valu	2	valoit	2	
veille	9	velles	2	veilles	7	
veillier2	4	veillast	1	veillierent	1	veillier	1	voeille	1	
veine1	1	veines	1	
veintre	12	veincue	1	venquist	1	veincu	1	veinteront	1	veinteroit	1	veint	1	vendroient	1	veincuz	5	
ventrail	1	ventreil	1	
verai	47	vrai	1	veraies	2	verai	2	vraiement	3	veraiement	3	vrais	3	verais	6	veraie	6	vraie	21	
vermeil1	1	vermeuz	1	
vicaire	1	vicaires	1	
vieil	17	vius	1	viez	1	vielz	7	viel	8	
vilain	8	vileinement	1	vileinz	3	vilein	4	
voir	4	voire	1	vit	1	voir	2	
voisos	3	viseus	1	voiseus	2	
voloir	201	veut	1	voldrai	1	velt	1	voil	1	voloirs	1	volions	1	voellent	1	vuelent	1	voudrai	1	volsist	1	voudroiz	1	voloir	1	vousisses	1	Vousist	1	voloies	2	vius	2	veus	2	voudra	2	voelle	2	volt	3	volons	3	voudroie	3	voeil	3	viut	3	voudrent	5	voelent	6	volez	6	voudroit	6	vousist	11	voloient	12	voel	14	vout	37	voloit	65	
vëoir	303	voiant	1	voiz	1	veoie	1	veïsses	1	veons	1	revist	1	veïsmes	1	verront	1	verroiz	1	veiés	1	voit	2	veez	2	veïs	2	veüz	2	vendi	2	veüe	3	Veez	3	voie	3	veïst	4	veïssiez	6	voi	7	veïmes	8	vi	9	viç	9	veües	10	veoit	11	veoient	14	veü	28	veoir	39	virent	40	vit	89	
vïaire1	7	viaires	1	viaire	6	
çaienz	4	ceens	1	ceenz	3	

§34 – e protonique + l/n > i, ei, e
Marseille	1	Marselle	1	
apareillement	2	aparelliement	1	apareillemenz	1	
apareillier1	18	aparellierent	1	aparelloient	1	aparellier	1	apareillé	1	apareilliez	1	appareillies	1	apareillié	1	aparellié	1	aparelloit	1	Apareilliez	1	apareilloient	1	apareillier	1	aparellie	2	aparelliez	2	apareillie	2	
corbeillon	3	corbellon	3	
deignier	7	deignie	1	deigne	1	degnast	1	deigna	2	degne	2	
enseignier	32	ensegnier	1	enseignié	1	ensegnast	1	ensegnoie	1	enseignent	1	ensignier	1	enseignoit	1	enseignant	1	enseigne	1	enseignes	1	enseigna	1	ensignast	1	enseignie	1	ensignié	2	enseignast	2	ensignoit	3	ensigna	3	ensigniez	9	
esmerveillier	21	esmervelloient	1	esmervellier	1	esmerveillames	1	esmerveilloie	1	esmerveilles	1	esmerveillions	1	esmerveille	1	esmerveilla	1	esmervella	1	esmerveilloient	1	esmerveilliez	2	esmervellierent	2	esmerveil	3	esmerveillierent	4	
estorbeillon	1	estorbellons	1	
esveillier	9	esveilliez	1	esveillier	1	esvellastes	1	revellierent	1	esvellast	1	esveilla	2	esveillierent	2	
fueille	1	fuelles	1	
meillor	6	meller	1	mellor	1	meilleur	1	miudre	3	
merveille	12	merveilles	1	merveille	4	mervelle	7	
merveillier	1	merveil	1	
merveillos	9	merveilles	1	mervilleuse	1	merveilleus	1	mervelleuses	1	merveille	2	merveilleuse	3	
oreille	3	orelles	1	oreilles	2	
oreillier3	1	orelliers	1	
seignor	466	Seigneur	1	seignors	1	signeurs	1	Messires	1	mesires	1	Signour	1	seinteé	1	Segnor	2	Monsigneur	2	Signeur	3	messires	4	signors	4	signeur	7	sire	7	monsigneur	7	sires	8	Seignor	12	signor	15	Sire	32	Sires	97	Signor	259	
seignorie	21	segnorie	2	seignorie	4	signorie	15	
veille	9	velles	2	veilles	7	

§34 – o initial + n > a + n
Adagedonc	1	Adagedonc	1	
Agabaron	1	Agabaron	1	
Cabinone	1	Cabinone	1	
Calitone	1	Calitone	1	
Caton	2	Chatons	2	
Cholomaide	1	Cholomaide	1	
Claudiomas	1	Claudiomas	1	
Condé	3	Condé	3	
Gardone	1	Gardone	1	
Garone	1	Garone	1	
Honoire	3	Honores	1	Honoires	2	
Honoré	1	Honoires	1	
Jerome	29	Jerosmes	1	Jerome	1	J﻿eromes	1	Jerosme	2	Jeromes	4	Jeroime	5	Jeroimes	15	
Jogonse	1	Jogonse	1	
Lombardie	6	Lombardie	6	
Mongiu	1	Mongiu	1	
Narbone	2	Nerbone	2	
Noiron	5	Noiron	2	Noirons	3	
Nuiton	1	Nuiton	1	
Pomponie	2	Pomponie	2	
Rome	38	Rome	38	
Stridon	1	Stridons	1	
Theoniste	2	Theoniste	1	Theonistes	1	
Thomas	1	Thomas	1	
abitacion	3	habitations	1	abitation	1	habitation	1	
absolucion	1	absolution	1	
acompagnier	1	acompaigna	1	
acomplir	7	acompliz	1	acompleïsses	1	acompli	1	aconplir	1	acomplies	1	acomplir	2	
acomunier	1	acomenier	1	
adonc	64	adonques	1	Adonqes	1	adon	1	adont	4	adonqes	5	Adont	6	adonc	23	Adonc	23	
afondrer	1	asfondra	1	
aombrer	1	aombree	1	
assomement	1	assomement	1	
avironer	6	avironnee	1	avironez	2	avirone	3	
avision	9	avisions	1	avision	8	
baron	6	baron	2	barons	4	
baston	6	bastons	1	baston	5	
benëiçon	16	beneïçons	2	beneïçon	14	
bon	107	bonne	1	boines	2	boen	2	bon	21	bons	25	bones	28	bone	28	
boniface	2	Boniface	1	Boneface	1	
bonté	1	bonté	1	
bonëuré	2	boneüré	1	boneeüree	1	
buisson	4	buissons	1	buisson	3	
charbon	2	charbons	1	charbon	1	
colombe1	1	colombe	1	
colombe2	3	coulombe	1	colombe	2	
comander	120	conmandez	1	conmanderoit	1	coumanç	1	coumada	1	comandoit	1	coumant	1	comandes	1	conmandas	1	conmanderent	1	conmander	2	conmandoit	2	coumanda	2	conmandé	3	comandast	4	comant	4	comanderent	5	comande	7	comanç	7	comandé	10	conmanda	30	comanda	35	
combatre	11	combatissent	1	combati	1	combatisses	1	combatoit	2	combatre	6	
combien	4	combien	4	
combrisier	5	combrisassent	1	combrises	1	combrisa	1	combrisiez	2	
come1	430	con	1	conme	32	come	35	com	362	
comencement	3	conmencement	3	
comencier	157	coumencierent	1	conmencier	1	conmençast	1	conmança	1	començames	1	commença	1	conmanç	1	descouplerent	1	comenciez	1	comandastes	1	conmanderent	1	conmençames	2	començai	2	conmencié	2	comencier	2	comence	3	comencie	3	conmence	3	coumence	4	coumença	9	comencierent	15	conmencierent	19	conmença	38	comença	44	
coment1	41	Coment	1	conment	15	coment	25	
comfait	1	confez	1	
compagnie	58	conpagnie	1	conpaignies	1	compaignies	4	conpaignie	5	compaignie	47	
compagnon	32	conpaignons	1	compains	2	compeinz	2	compeins	3	compaignons	8	compaignon	16	
comparer1	2	comparer	2	
comparer2	1	comperassent	1	
complaindre	3	compleinstrent	1	compleindre	1	complegnoit	1	
comporter	2	comportoient	2	
comun	3	comune	1	comun	2	
comunauté	3	communité	1	comunité	1	coumunité	1	
comunement	1	conmunement	1	
comunité	1	comunité	1	
conchiier	1	conciez	1	
conchiëure	1	conchieüre	1	
concile	3	conciles	1	concile	2	
condicïon	2	condition	2	
confermer	7	conferme	1	confermez	1	confermees	1	confermer	2	confermé	2	
confessëor	8	confessorz	1	confessor	3	confessors	4	
confondre	3	confondus	1	confondre	1	confonduz	1	
confort	2	confors	1	confort	1	
conforter	5	confortoit	1	confortoient	1	conforter	3	
confrerie	3	confrarie	3	
confus1	5	confus	2	confuz	3	
confusïon	1	confusïon	1	
congié	11	congié	11	
conjurer	7	conjur	7	
conoistre	44	coneüst	1	counut	1	conisteroiz	1	conoissons	1	connoistre	1	conoisse	1	conneüssent	1	conneües	1	coneües	1	conoisteront	1	coneüssent	1	conneü	1	coneü	1	conui	1	coneüs	1	conois	1	conissoient	1	conurent	2	conoist	2	conoissoient	2	conut	2	conoissent	4	conoistre	7	conoissoit	8	
conquerre	1	conqerre	1	
conroi	4	conroi	4	
conseil	8	conseus	1	consauz	1	consel	1	conseil	5	
conseillier1	1	conseillast	1	
conseillëor	1	conseillieres	1	
consomer	7	consommee	1	comsomee	1	consomees	1	consomee	4	
constreindre	4	constreint	1	constreinz	1	constrains	1	constreinst	1	
consule	7	conselle	1	conseles	1	concele	1	conceles	4	
conte1	26	Conte	1	contes	2	conte	6	cuens	17	
conte2	2	conte	1	conteret	1	
contenir	1	contiegne	1	
conter	131	conteroie	1	contons	1	conterent	1	contes	2	contant	2	conteré	2	conterei	2	contoit	2	contee	4	conte	5	contees	7	conterai	16	conta	18	conté	32	conter	36	
contesse	5	contesse	5	
continence	1	continence	1	
continüement	1	continelment	1	
contraire1	1	contrere	1	
contre	7	contre	7	
contredire	2	contredeïst	1	contredire	1	
contree	68	contrees	13	contree	55	
contremont	2	contremont	2	
contrester	2	contrester	2	
contreval	2	contreval	2	
controver	2	controverei	1	contruevé	1	
conversacïon	2	conversation	2	
converser	1	convertis	1	
convertir	16	convertissoient	1	convertissent	1	convertissoit	1	converties	1	convertirent	2	convertir	2	convertiz	2	converti	3	convertie	3	
convoiier	3	convoier	1	convoia	2	
corbeillon	3	corbellon	3	
corone	8	corones	2	corone	6	
coroner	1	coronez	1	
corrompre	1	corrompue	1	
debonaire	2	debonaires	1	deboneire	1	
dedicacïon	2	dedication	2	
derompre	4	derrompi	1	derrompirent	1	derrompre	2	
desconfire	2	desconfeïssent	1	desconfiz	1	
desconforter	3	desconfortez	1	desconfortee	1	desconfortés	1	
desconseillier	1	desconseilliez	1	
desputaison	2	desputisons	2	
devocïon	4	devotion	4	
dissensïon	1	dissention	1	
dominator	1	Dominus	1	
don	13	don	4	dons	9	
donc	31	dont	1	donques	1	donqes	2	Dont	6	donc	7	Donc	14	
done2	1	donés	1	
doner	122	Doinst	1	dounee	1	donra	1	donames	1	donoient	1	donassent	1	doinses	1	somonoit	1	Donons	1	donrai	1	douner	2	donroit	2	donrons	2	donees	3	donerent	3	doinst	4	doné	5	done	5	donez	7	donast	9	donoit	10	donee	10	doner	18	dona	32	
dont	243	don	1	dont	90	Dont	152	
donter	2	dontee	2	
donëor	1	veneor	1	
eleccïon	1	eslection	1	
encontre1	44	encontre	44	
encontre2	2	encontre	2	
encontrer	7	encontrez	1	encontrames	1	encontra	5	
environ	19	environ	19	
eschaillon2	1	eschaillon	1	
escomenie	1	escomeniee	1	
escomeniier	5	escomeniez	1	escomeniiez	1	escomeniee	1	escomenié	2	
escondire	4	escondire	1	escondeïsse	1	escondi	1	escondissoit	1	
espondre	1	esponst	1	
estorbeillon	1	estorbellons	1	
fecont	1	feconde	1	
felon	8	felonnies	1	Felon	1	felenesse	1	felons	2	felon	3	
felonie	15	felonies	5	felonie	10	
foison	1	foison	1	
fondement	2	fondement	2	
fonder2	1	fondés	1	
fondre	1	fondre	1	
fontaine	1	fonteine	1	
fontenele	2	fontenele	2	
fonz	2	fonz	1	fons	1	
front	1	front	1	
garison	8	guerissons	1	guerisson	1	garisons	2	garisson	2	guerison	2	
gavïon	1	gavion	1	
glotonie	1	glotonie	1	
guerredon	2	gueredon	1	guerredons	1	
guerredonëor	1	guerredonieres	1	
honte	10	hontes	4	honte	6	
hontos	1	honteus	1	
institucïon	1	institutions	1	
intencïon	2	entention	2	
jonece	3	jovenece	3	
joneté	1	joventé	1	
larron	4	leres	1	lerres	1	larron	2	
legïon	1	legions	1	
leçon	4	leçon	4	
livroison	1	livroisons	1	
lonc	27	Longe	1	longues	1	longe	2	lons	2	longue	8	lonc	13	
longe	1	longe	1	
longement	17	longuement	7	longement	10	
lïon	30	lionesse	3	lion	9	lions	18	
lïoncel	3	lionceaus	3	
maison	68	messon	2	meson	66	
maisoncele	3	mesoncele	1	maisonceles	1	maissoncele	1	
mencïon	1	mention	1	
mon1	96	Mon	1	Ma	1	Mi	2	Mes	2	m	7	ma	27	mes	28	mon	28	
mondain	1	mondeine	1	
monde1	20	mondes	1	mont	2	monde	17	
monder2	5	mondee	1	mondés	1	mondez	3	
monoie	1	monoie	1	
mont	3	mont	1	mons	2	
montaigne	8	montaignes	3	montaigne	5	
monter	5	montés	1	monte	1	monta	3	
monument	1	monument	1	
mouton	1	moutons	1	
nacïon	1	nascion	1	
nom	90	nons	4	non	86	
nombre	5	nombres	1	nombre	4	
nomement	1	nomeement	1	
nomer	5	nonmee	1	nomé	2	nomer	2	
non	39	non	39	
noncier1	7	noncie	1	noncier	1	nonça	2	noncierent	3	
none2	2	nones	1	none	1	
notonier	2	notonier	2	
ochaison	7	ochoison	7	
ombre	1	ombre	1	
ome	512	homo	1	Enemis	1	Hom	2	omes	3	ome	15	homes	47	home	202	hom	241	
omnipotent	1	Omnipotens	1	
on	128	om	1	on	29	en	98	
once2	1	onces	1	
oncle	1	oncle	1	
onde	2	ondes	1	onde	1	
oneste	1	honestement	1	
onor	22	ouneur	1	honor	2	onor	2	honeur	5	oneur	12	
onorable	2	honorablement	2	
onorer	6	oneroient	1	honorassent	1	honorer	2	honoroient	2	
onque	88	Onques	1	Onqes	2	onques	15	onqes	70	
opinïon	1	opinium	1	
oraison	11	oroison	1	orison	3	orisons	7	
ordoner	1	ordenees	1	
orison	87	orisons	2	orisson	24	orissons	61	
parconter	1	parconter	1	
pardon	13	pardon	13	
pardoner	10	pardonoit	1	pardonerent	1	pardonez	1	pardonroit	1	pardonast	3	pardona	3	
parfondece	1	parfondece	1	
parfont	5	parfonde	1	parfont	2	parfons	2	
parçonier	4	parçonier	2	parçoniers	2	
passïon	2	passion	2	
patron	1	patron	1	
paveillon	2	paveillons	2	
perron	2	persone	2	
persecucïon	3	persecutions	3	
persone	2	persones	2	
plongier	1	plongier	1	
pluion	1	plunions	1	
poisson	8	poissons	4	poisson	4	
poissonel	1	pissonniaus	1	
pomier	1	pomiers	1	
pompee	1	Pompeus	1	
pont	2	pons	1	pont	1	
possessïon	3	possessions	3	
postcomunïon	1	postcommunion	1	
predicacïon	7	predications	1	predicaton	1	predication	5	
prison	5	prissons	1	prison	2	prisson	2	
prodome	20	prodome	1	preudomes	3	preudome	4	preudom	12	
promesse	1	promesse	1	
prometre	6	promis	1	promist	1	proumist	1	promise	3	
prononcier	1	prononcié	1	
raconter	1	raconté	1	
raison	12	raison	1	reisons	1	reison	2	raisson	2	reson	3	resons	3	
recomencier	8	recomencierent	1	recoumença	1	recomencier	1	recomant	1	recomençoit	2	recomença	2	
reconforter	1	reconfortez	1	
reconoistre	8	reconois	1	reconoissoies	1	regnoissoient	1	reconoistre	1	reconurent	1	reconut	3	
reconter	73	raconterai	1	raconteroie	1	raconterei	1	raconté	1	racontés	1	reconte	1	raconteras	1	racontasses	1	racontez	1	reconta	2	reconter	2	racontees	2	racontast	2	raconterent	3	racontent	3	raconta	5	racontes	6	raconte	19	raconter	20	
reconvertir	1	reconvertiz	1	
regïon	12	regions	6	region	6	
religïon	11	religion	11	
remissïon	5	remissions	1	remission	4	
renom	1	renon	1	
renomee	5	renomee	5	
renoncier	1	renoncier	1	
repondre	4	repondre	1	reponoient	1	reposte	2	
repromissïon	1	repomissions	1	
resconser	1	resconse	1	
reson	2	resons	1	reson	1	
resonement	1	resonement	1	
respondre1	88	respons	1	respondoit	2	respondu	2	respondre	3	respondirent	8	respondi	72	
respons	4	respons	4	
resurrecïon	3	resurrection	3	
romain	1	roumeinz	1	
rompre	1	route	1	
rëondece	1	reondece	1	
rëont	1	reonde	1	
sablon	1	sablon	1	
secont1	3	secondes	1	secont	2	
selonc	14	solonc	14	
semondre	3	semondre	1	semons	1	semont	1	
sermon	2	sermons	1	sermon	1	
sermoner	6	sermona	1	sermonez	1	sermonoit	2	sermoner	2	
som1	1	som	1	
som2	1	som	1	
som3	1	som	1	
some3	1	some	1	
son3	1	sons	1	
son4	845	Son	1	lor	1	﻿ses	1	ses﻿	1	sua	1	S	1	Sa	4	Ses	6	Si	6	si	16	s	58	son	180	ses	252	sa	317	
songe	2	songes	2	
sormonter	2	sormontee	1	sormonta	1	
surrectïon	1	surrection	1	
suspeccïon	1	souspeçon	1	
tentacïon	2	temptation	1	temptations	1	
tençon	3	tençons	1	tençon	2	
tombe1	2	tombe	2	
ton4	93	tez	1	ti	3	t	4	ton	21	tes	26	ta	38	
tonoire	2	tonoire	2	
tribulacïon	3	tribulation	1	tribulations	2	
trone	1	trosne	1	
träison	2	traïsson	2	
veneracïon	1	veneration	1	
venoison	1	venoisons	1	
vomir	1	womi	1	
vomit	1	vomite	1	


§36 – Dissibilation de O
Honoire	3	Honores	1	Honoires	2	
Honoré	1	Honoires	1	
conoistre	44	coneüst	1	counut	1	conisteroiz	1	conoissons	1	connoistre	1	conoisse	1	conneüssent	1	conneües	1	coneües	1	conoisteront	1	coneüssent	1	conneü	1	coneü	1	conui	1	coneüs	1	conois	1	conissoient	1	conurent	2	conoist	2	conoissoient	2	conut	2	conoissent	4	conoistre	7	conoissoit	8	
corrocier	19	corroça	1	corroce	1	corrouçast	1	corroceroit	1	corroces	1	corroçoit	1	corrocié	1	corrocier	3	corrociez	9	
doloros	7	dolereuse	1	dolereus	1	dolereusement	2	dolereuses	3	
escomeniier	5	escomeniez	1	escomeniiez	1	escomeniee	1	escomenié	2	
monoie	1	monoie	1	
onor	22	ouneur	1	honor	2	onor	2	honeur	5	oneur	12	
onorable	2	honorablement	2	
onorer	6	oneroient	1	honorassent	1	honorer	2	honoroient	2	
prononcier	1	prononcié	1	
reconoistre	8	reconois	1	reconoissoies	1	regnoissoient	1	reconoistre	1	reconurent	1	reconut	3	
tonoire	2	tonoire	2	

§36 – Dissibilation de i
Sicile	1	Sezile	1	
privilege	2	privilege	1	previlege	1	
religïon	11	religion	11	
visiter	19	visitast	1	visité	1	visitez	2	visitoient	2	visiter	13	
